unrolled_unrolling,Gamma,ASM,../src/tests/data/imagenes_a_testear/Labyrinth.128x64.bmp,1,100502,100502.0000
unrolled_unrolling,Gamma,ASM,../src/tests/data/imagenes_a_testear/Labyrinth.128x64.bmp,1,96946,96946.0000
unrolled_unrolling,Gamma,ASM,../src/tests/data/imagenes_a_testear/Labyrinth.128x64.bmp,1,100689,100689.0000
unrolled_unrolling,Gamma,ASM,../src/tests/data/imagenes_a_testear/Labyrinth.128x64.bmp,1,100080,100080.0000
unrolled_unrolling,Gamma,ASM,../src/tests/data/imagenes_a_testear/Labyrinth.128x64.bmp,1,100068,100068.0000
unrolled_unrolling,Gamma,ASM,../src/tests/data/imagenes_a_testear/Labyrinth.128x64.bmp,1,123407,123407.0000
unrolled_unrolling,Gamma,ASM,../src/tests/data/imagenes_a_testear/Labyrinth.128x64.bmp,1,101090,101090.0000
unrolled_unrolling,Gamma,ASM,../src/tests/data/imagenes_a_testear/Labyrinth.128x64.bmp,1,101901,101901.0000
unrolled_unrolling,Gamma,ASM,../src/tests/data/imagenes_a_testear/Labyrinth.128x64.bmp,1,99750,99750.0000
unrolled_unrolling,Gamma,ASM,../src/tests/data/imagenes_a_testear/Labyrinth.128x64.bmp,1,77318,77318.0000
unrolled_unrolling,Gamma,ASM,../src/tests/data/imagenes_a_testear/Labyrinth.128x64.bmp,1,76489,76489.0000
unrolled_unrolling,Gamma,ASM,../src/tests/data/imagenes_a_testear/Labyrinth.128x64.bmp,1,62129,62129.0000
unrolled_unrolling,Gamma,ASM,../src/tests/data/imagenes_a_testear/Labyrinth.128x64.bmp,1,61693,61693.0000
unrolled_unrolling,Gamma,ASM,../src/tests/data/imagenes_a_testear/Labyrinth.128x64.bmp,1,51838,51838.0000
unrolled_unrolling,Gamma,ASM,../src/tests/data/imagenes_a_testear/Labyrinth.128x64.bmp,1,52541,52541.0000
unrolled_unrolling,Gamma,ASM,../src/tests/data/imagenes_a_testear/Labyrinth.128x64.bmp,1,74779,74779.0000
unrolled_unrolling,Gamma,ASM,../src/tests/data/imagenes_a_testear/Labyrinth.128x64.bmp,1,45041,45041.0000
unrolled_unrolling,Gamma,ASM,../src/tests/data/imagenes_a_testear/Labyrinth.128x64.bmp,1,45096,45096.0000
unrolled_unrolling,Gamma,ASM,../src/tests/data/imagenes_a_testear/Labyrinth.128x64.bmp,1,44681,44681.0000
unrolled_unrolling,Gamma,ASM,../src/tests/data/imagenes_a_testear/Labyrinth.128x64.bmp,1,44784,44784.0000
unrolled_unrolling,Gamma,ASM,../src/tests/data/imagenes_a_testear/Labyrinth.128x64.bmp,1,39406,39406.0000
unrolled_unrolling,Gamma,ASM,../src/tests/data/imagenes_a_testear/Labyrinth.128x64.bmp,1,39461,39461.0000
unrolled_unrolling,Gamma,ASM,../src/tests/data/imagenes_a_testear/Labyrinth.128x64.bmp,1,39602,39602.0000
unrolled_unrolling,Gamma,ASM,../src/tests/data/imagenes_a_testear/Labyrinth.128x64.bmp,1,38087,38087.0000
unrolled_unrolling,Gamma,ASM,../src/tests/data/imagenes_a_testear/Labyrinth.128x64.bmp,1,35243,35243.0000
unrolled_unrolling,Gamma,ASM,../src/tests/data/imagenes_a_testear/Labyrinth.128x64.bmp,1,35190,35190.0000
unrolled_unrolling,Gamma,ASM,../src/tests/data/imagenes_a_testear/Labyrinth.128x64.bmp,1,35109,35109.0000
unrolled_unrolling,Gamma,ASM,../src/tests/data/imagenes_a_testear/Labyrinth.128x64.bmp,1,33968,33968.0000
unrolled_unrolling,Gamma,ASM,../src/tests/data/imagenes_a_testear/Labyrinth.128x64.bmp,1,35243,35243.0000
unrolled_unrolling,Gamma,ASM,../src/tests/data/imagenes_a_testear/Labyrinth.128x64.bmp,1,31601,31601.0000
unrolled_unrolling,Gamma,ASM,../src/tests/data/imagenes_a_testear/Labyrinth.128x64.bmp,1,31693,31693.0000
unrolled_unrolling,Gamma,ASM,../src/tests/data/imagenes_a_testear/Labyrinth.128x64.bmp,1,31710,31710.0000
unrolled_unrolling,Gamma,ASM,../src/tests/data/imagenes_a_testear/Labyrinth.128x64.bmp,1,31603,31603.0000
unrolled_unrolling,Gamma,ASM,../src/tests/data/imagenes_a_testear/Labyrinth.128x64.bmp,1,30560,30560.0000
unrolled_unrolling,Gamma,ASM,../src/tests/data/imagenes_a_testear/Labyrinth.128x64.bmp,1,28937,28937.0000
unrolled_unrolling,Gamma,ASM,../src/tests/data/imagenes_a_testear/Labyrinth.128x64.bmp,1,37853,37853.0000
unrolled_unrolling,Gamma,ASM,../src/tests/data/imagenes_a_testear/Labyrinth.128x64.bmp,1,29040,29040.0000
unrolled_unrolling,Gamma,ASM,../src/tests/data/imagenes_a_testear/Labyrinth.128x64.bmp,1,34652,34652.0000
unrolled_unrolling,Gamma,ASM,../src/tests/data/imagenes_a_testear/Labyrinth.128x64.bmp,1,34710,34710.0000
unrolled_unrolling,Gamma,ASM,../src/tests/data/imagenes_a_testear/Labyrinth.128x64.bmp,1,34614,34614.0000
unrolled_unrolling,Gamma,ASM,../src/tests/data/imagenes_a_testear/Labyrinth.128x64.bmp,1,28737,28737.0000
unrolled_unrolling,Gamma,ASM,../src/tests/data/imagenes_a_testear/Labyrinth.128x64.bmp,1,29611,29611.0000
unrolled_unrolling,Gamma,ASM,../src/tests/data/imagenes_a_testear/Labyrinth.128x64.bmp,1,28811,28811.0000
unrolled_unrolling,Gamma,ASM,../src/tests/data/imagenes_a_testear/Labyrinth.128x64.bmp,1,28859,28859.0000
unrolled_unrolling,Gamma,ASM,../src/tests/data/imagenes_a_testear/Labyrinth.128x64.bmp,1,28757,28757.0000
unrolled_unrolling,Gamma,ASM,../src/tests/data/imagenes_a_testear/Labyrinth.128x64.bmp,1,28931,28931.0000
unrolled_unrolling,Gamma,ASM,../src/tests/data/imagenes_a_testear/Labyrinth.128x64.bmp,1,28857,28857.0000
unrolled_unrolling,Gamma,ASM,../src/tests/data/imagenes_a_testear/Labyrinth.128x64.bmp,1,28804,28804.0000
unrolled_unrolling,Gamma,ASM,../src/tests/data/imagenes_a_testear/Labyrinth.128x64.bmp,1,28858,28858.0000
unrolled_unrolling,Gamma,ASM,../src/tests/data/imagenes_a_testear/Labyrinth.128x64.bmp,1,28923,28923.0000
unrolled_unrolling,Gamma,ASM,../src/tests/data/imagenes_a_testear/Labyrinth.128x64.bmp,1,28840,28840.0000
unrolled_unrolling,Gamma,ASM,../src/tests/data/imagenes_a_testear/Labyrinth.128x64.bmp,1,28899,28899.0000
unrolled_unrolling,Gamma,ASM,../src/tests/data/imagenes_a_testear/Labyrinth.128x64.bmp,1,29490,29490.0000
unrolled_unrolling,Gamma,ASM,../src/tests/data/imagenes_a_testear/Labyrinth.128x64.bmp,1,27954,27954.0000
unrolled_unrolling,Gamma,ASM,../src/tests/data/imagenes_a_testear/Labyrinth.128x64.bmp,1,29195,29195.0000
unrolled_unrolling,Gamma,ASM,../src/tests/data/imagenes_a_testear/Labyrinth.128x64.bmp,1,28879,28879.0000
unrolled_unrolling,Gamma,ASM,../src/tests/data/imagenes_a_testear/Labyrinth.128x64.bmp,1,28849,28849.0000
unrolled_unrolling,Gamma,ASM,../src/tests/data/imagenes_a_testear/Labyrinth.128x64.bmp,1,29150,29150.0000
unrolled_unrolling,Gamma,ASM,../src/tests/data/imagenes_a_testear/Labyrinth.128x64.bmp,1,29112,29112.0000
unrolled_unrolling,Gamma,ASM,../src/tests/data/imagenes_a_testear/Labyrinth.128x64.bmp,1,28994,28994.0000
unrolled_unrolling,Gamma,ASM,../src/tests/data/imagenes_a_testear/Labyrinth.1600x1200.bmp,1,7397369,7397369.0000
unrolled_unrolling,Gamma,ASM,../src/tests/data/imagenes_a_testear/Labyrinth.1600x1200.bmp,1,6794099,6794099.0000
unrolled_unrolling,Gamma,ASM,../src/tests/data/imagenes_a_testear/Labyrinth.1600x1200.bmp,1,6683025,6683025.0000
unrolled_unrolling,Gamma,ASM,../src/tests/data/imagenes_a_testear/Labyrinth.1600x1200.bmp,1,6776078,6776078.0000
unrolled_unrolling,Gamma,ASM,../src/tests/data/imagenes_a_testear/Labyrinth.1600x1200.bmp,1,6835608,6835608.0000
unrolled_unrolling,Gamma,ASM,../src/tests/data/imagenes_a_testear/Labyrinth.1600x1200.bmp,1,6787640,6787640.0000
unrolled_unrolling,Gamma,ASM,../src/tests/data/imagenes_a_testear/Labyrinth.1600x1200.bmp,1,6798939,6798939.0000
unrolled_unrolling,Gamma,ASM,../src/tests/data/imagenes_a_testear/Labyrinth.1600x1200.bmp,1,6936805,6936805.0000
unrolled_unrolling,Gamma,ASM,../src/tests/data/imagenes_a_testear/Labyrinth.1600x1200.bmp,1,7112187,7112187.0000
unrolled_unrolling,Gamma,ASM,../src/tests/data/imagenes_a_testear/Labyrinth.1600x1200.bmp,1,7009705,7009705.0000
unrolled_unrolling,Gamma,ASM,../src/tests/data/imagenes_a_testear/Labyrinth.1600x1200.bmp,1,6910699,6910699.0000
unrolled_unrolling,Gamma,ASM,../src/tests/data/imagenes_a_testear/Labyrinth.1600x1200.bmp,1,6916094,6916094.0000
unrolled_unrolling,Gamma,ASM,../src/tests/data/imagenes_a_testear/Labyrinth.1600x1200.bmp,1,9488390,9488390.0000
unrolled_unrolling,Gamma,ASM,../src/tests/data/imagenes_a_testear/Labyrinth.1600x1200.bmp,1,6821437,6821437.0000
unrolled_unrolling,Gamma,ASM,../src/tests/data/imagenes_a_testear/Labyrinth.1600x1200.bmp,1,6774226,6774226.0000
unrolled_unrolling,Gamma,ASM,../src/tests/data/imagenes_a_testear/Labyrinth.1600x1200.bmp,1,6895692,6895692.0000
unrolled_unrolling,Gamma,ASM,../src/tests/data/imagenes_a_testear/Labyrinth.1600x1200.bmp,1,6828276,6828276.0000
unrolled_unrolling,Gamma,ASM,../src/tests/data/imagenes_a_testear/Labyrinth.1600x1200.bmp,1,8564488,8564488.0000
unrolled_unrolling,Gamma,ASM,../src/tests/data/imagenes_a_testear/Labyrinth.1600x1200.bmp,1,9471307,9471307.0000
unrolled_unrolling,Gamma,ASM,../src/tests/data/imagenes_a_testear/Labyrinth.1600x1200.bmp,1,6804103,6804103.0000
unrolled_unrolling,Gamma,ASM,../src/tests/data/imagenes_a_testear/Labyrinth.1600x1200.bmp,1,6750054,6750054.0000
unrolled_unrolling,Gamma,ASM,../src/tests/data/imagenes_a_testear/Labyrinth.1600x1200.bmp,1,6729621,6729621.0000
unrolled_unrolling,Gamma,ASM,../src/tests/data/imagenes_a_testear/Labyrinth.1600x1200.bmp,1,6766190,6766190.0000
unrolled_unrolling,Gamma,ASM,../src/tests/data/imagenes_a_testear/Labyrinth.1600x1200.bmp,1,8431764,8431764.0000
unrolled_unrolling,Gamma,ASM,../src/tests/data/imagenes_a_testear/Labyrinth.1600x1200.bmp,1,6833899,6833899.0000
unrolled_unrolling,Gamma,ASM,../src/tests/data/imagenes_a_testear/Labyrinth.1600x1200.bmp,1,7216298,7216298.0000
unrolled_unrolling,Gamma,ASM,../src/tests/data/imagenes_a_testear/Labyrinth.1600x1200.bmp,1,6709980,6709980.0000
unrolled_unrolling,Gamma,ASM,../src/tests/data/imagenes_a_testear/Labyrinth.1600x1200.bmp,1,6736289,6736289.0000
unrolled_unrolling,Gamma,ASM,../src/tests/data/imagenes_a_testear/Labyrinth.1600x1200.bmp,1,8465516,8465516.0000
unrolled_unrolling,Gamma,ASM,../src/tests/data/imagenes_a_testear/Labyrinth.1600x1200.bmp,1,6766997,6766997.0000
unrolled_unrolling,Gamma,ASM,../src/tests/data/imagenes_a_testear/Labyrinth.1600x1200.bmp,1,8335409,8335409.0000
unrolled_unrolling,Gamma,ASM,../src/tests/data/imagenes_a_testear/Labyrinth.1600x1200.bmp,1,6592570,6592570.0000
unrolled_unrolling,Gamma,ASM,../src/tests/data/imagenes_a_testear/Labyrinth.1600x1200.bmp,1,6732845,6732845.0000
unrolled_unrolling,Gamma,ASM,../src/tests/data/imagenes_a_testear/Labyrinth.1600x1200.bmp,1,8606273,8606273.0000
unrolled_unrolling,Gamma,ASM,../src/tests/data/imagenes_a_testear/Labyrinth.1600x1200.bmp,1,7706393,7706393.0000
unrolled_unrolling,Gamma,ASM,../src/tests/data/imagenes_a_testear/Labyrinth.1600x1200.bmp,1,6835657,6835657.0000
unrolled_unrolling,Gamma,ASM,../src/tests/data/imagenes_a_testear/Labyrinth.1600x1200.bmp,1,6735712,6735712.0000
unrolled_unrolling,Gamma,ASM,../src/tests/data/imagenes_a_testear/Labyrinth.1600x1200.bmp,1,8597680,8597680.0000
unrolled_unrolling,Gamma,ASM,../src/tests/data/imagenes_a_testear/Labyrinth.1600x1200.bmp,1,6734660,6734660.0000
unrolled_unrolling,Gamma,ASM,../src/tests/data/imagenes_a_testear/Labyrinth.1600x1200.bmp,1,6864103,6864103.0000
unrolled_unrolling,Gamma,ASM,../src/tests/data/imagenes_a_testear/Labyrinth.1600x1200.bmp,1,6823471,6823471.0000
unrolled_unrolling,Gamma,ASM,../src/tests/data/imagenes_a_testear/Labyrinth.1600x1200.bmp,1,6652925,6652925.0000
unrolled_unrolling,Gamma,ASM,../src/tests/data/imagenes_a_testear/Labyrinth.1600x1200.bmp,1,7127203,7127203.0000
unrolled_unrolling,Gamma,ASM,../src/tests/data/imagenes_a_testear/Labyrinth.1600x1200.bmp,1,6881078,6881078.0000
unrolled_unrolling,Gamma,ASM,../src/tests/data/imagenes_a_testear/Labyrinth.1600x1200.bmp,1,6749361,6749361.0000
unrolled_unrolling,Gamma,ASM,../src/tests/data/imagenes_a_testear/Labyrinth.1600x1200.bmp,1,7480941,7480941.0000
unrolled_unrolling,Gamma,ASM,../src/tests/data/imagenes_a_testear/Labyrinth.1600x1200.bmp,1,6843530,6843530.0000
unrolled_unrolling,Gamma,ASM,../src/tests/data/imagenes_a_testear/Labyrinth.1600x1200.bmp,1,9409941,9409941.0000
unrolled_unrolling,Gamma,ASM,../src/tests/data/imagenes_a_testear/Labyrinth.1600x1200.bmp,1,6752741,6752741.0000
unrolled_unrolling,Gamma,ASM,../src/tests/data/imagenes_a_testear/Labyrinth.1600x1200.bmp,1,6738325,6738325.0000
unrolled_unrolling,Gamma,ASM,../src/tests/data/imagenes_a_testear/Labyrinth.1600x1200.bmp,1,6771847,6771847.0000
unrolled_unrolling,Gamma,ASM,../src/tests/data/imagenes_a_testear/Labyrinth.1600x1200.bmp,1,6898574,6898574.0000
unrolled_unrolling,Gamma,ASM,../src/tests/data/imagenes_a_testear/Labyrinth.1600x1200.bmp,1,6781507,6781507.0000
unrolled_unrolling,Gamma,ASM,../src/tests/data/imagenes_a_testear/Labyrinth.1600x1200.bmp,1,6763480,6763480.0000
unrolled_unrolling,Gamma,ASM,../src/tests/data/imagenes_a_testear/Labyrinth.1600x1200.bmp,1,6712373,6712373.0000
unrolled_unrolling,Gamma,ASM,../src/tests/data/imagenes_a_testear/Labyrinth.1600x1200.bmp,1,7000354,7000354.0000
unrolled_unrolling,Gamma,ASM,../src/tests/data/imagenes_a_testear/Labyrinth.1600x1200.bmp,1,6745389,6745389.0000
unrolled_unrolling,Gamma,ASM,../src/tests/data/imagenes_a_testear/Labyrinth.1600x1200.bmp,1,6811807,6811807.0000
unrolled_unrolling,Gamma,ASM,../src/tests/data/imagenes_a_testear/Labyrinth.1600x1200.bmp,1,6848498,6848498.0000
unrolled_unrolling,Gamma,ASM,../src/tests/data/imagenes_a_testear/Labyrinth.1600x1200.bmp,1,6893924,6893924.0000
unrolled_unrolling,Gamma,ASM,../src/tests/data/imagenes_a_testear/Labyrinth.256x128.bmp,1,141209,141209.0000
unrolled_unrolling,Gamma,ASM,../src/tests/data/imagenes_a_testear/Labyrinth.256x128.bmp,1,108656,108656.0000
unrolled_unrolling,Gamma,ASM,../src/tests/data/imagenes_a_testear/Labyrinth.256x128.bmp,1,102570,102570.0000
unrolled_unrolling,Gamma,ASM,../src/tests/data/imagenes_a_testear/Labyrinth.256x128.bmp,1,115798,115798.0000
unrolled_unrolling,Gamma,ASM,../src/tests/data/imagenes_a_testear/Labyrinth.256x128.bmp,1,108930,108930.0000
unrolled_unrolling,Gamma,ASM,../src/tests/data/imagenes_a_testear/Labyrinth.256x128.bmp,1,111322,111322.0000
unrolled_unrolling,Gamma,ASM,../src/tests/data/imagenes_a_testear/Labyrinth.256x128.bmp,1,105036,105036.0000
unrolled_unrolling,Gamma,ASM,../src/tests/data/imagenes_a_testear/Labyrinth.256x128.bmp,1,104849,104849.0000
unrolled_unrolling,Gamma,ASM,../src/tests/data/imagenes_a_testear/Labyrinth.256x128.bmp,1,111648,111648.0000
unrolled_unrolling,Gamma,ASM,../src/tests/data/imagenes_a_testear/Labyrinth.256x128.bmp,1,105006,105006.0000
unrolled_unrolling,Gamma,ASM,../src/tests/data/imagenes_a_testear/Labyrinth.256x128.bmp,1,105569,105569.0000
unrolled_unrolling,Gamma,ASM,../src/tests/data/imagenes_a_testear/Labyrinth.256x128.bmp,1,104802,104802.0000
unrolled_unrolling,Gamma,ASM,../src/tests/data/imagenes_a_testear/Labyrinth.256x128.bmp,1,150448,150448.0000
unrolled_unrolling,Gamma,ASM,../src/tests/data/imagenes_a_testear/Labyrinth.256x128.bmp,1,105378,105378.0000
unrolled_unrolling,Gamma,ASM,../src/tests/data/imagenes_a_testear/Labyrinth.256x128.bmp,1,104708,104708.0000
unrolled_unrolling,Gamma,ASM,../src/tests/data/imagenes_a_testear/Labyrinth.256x128.bmp,1,104602,104602.0000
unrolled_unrolling,Gamma,ASM,../src/tests/data/imagenes_a_testear/Labyrinth.256x128.bmp,1,108453,108453.0000
unrolled_unrolling,Gamma,ASM,../src/tests/data/imagenes_a_testear/Labyrinth.256x128.bmp,1,104964,104964.0000
unrolled_unrolling,Gamma,ASM,../src/tests/data/imagenes_a_testear/Labyrinth.256x128.bmp,1,104776,104776.0000
unrolled_unrolling,Gamma,ASM,../src/tests/data/imagenes_a_testear/Labyrinth.256x128.bmp,1,105289,105289.0000
unrolled_unrolling,Gamma,ASM,../src/tests/data/imagenes_a_testear/Labyrinth.256x128.bmp,1,104678,104678.0000
unrolled_unrolling,Gamma,ASM,../src/tests/data/imagenes_a_testear/Labyrinth.256x128.bmp,1,104801,104801.0000
unrolled_unrolling,Gamma,ASM,../src/tests/data/imagenes_a_testear/Labyrinth.256x128.bmp,1,109377,109377.0000
unrolled_unrolling,Gamma,ASM,../src/tests/data/imagenes_a_testear/Labyrinth.256x128.bmp,1,104731,104731.0000
unrolled_unrolling,Gamma,ASM,../src/tests/data/imagenes_a_testear/Labyrinth.256x128.bmp,1,105103,105103.0000
unrolled_unrolling,Gamma,ASM,../src/tests/data/imagenes_a_testear/Labyrinth.256x128.bmp,1,105523,105523.0000
unrolled_unrolling,Gamma,ASM,../src/tests/data/imagenes_a_testear/Labyrinth.256x128.bmp,1,104829,104829.0000
unrolled_unrolling,Gamma,ASM,../src/tests/data/imagenes_a_testear/Labyrinth.256x128.bmp,1,108819,108819.0000
unrolled_unrolling,Gamma,ASM,../src/tests/data/imagenes_a_testear/Labyrinth.256x128.bmp,1,107462,107462.0000
unrolled_unrolling,Gamma,ASM,../src/tests/data/imagenes_a_testear/Labyrinth.256x128.bmp,1,102828,102828.0000
unrolled_unrolling,Gamma,ASM,../src/tests/data/imagenes_a_testear/Labyrinth.256x128.bmp,1,168772,168772.0000
unrolled_unrolling,Gamma,ASM,../src/tests/data/imagenes_a_testear/Labyrinth.256x128.bmp,1,110644,110644.0000
unrolled_unrolling,Gamma,ASM,../src/tests/data/imagenes_a_testear/Labyrinth.256x128.bmp,1,108298,108298.0000
unrolled_unrolling,Gamma,ASM,../src/tests/data/imagenes_a_testear/Labyrinth.256x128.bmp,1,109373,109373.0000
unrolled_unrolling,Gamma,ASM,../src/tests/data/imagenes_a_testear/Labyrinth.256x128.bmp,1,104670,104670.0000
unrolled_unrolling,Gamma,ASM,../src/tests/data/imagenes_a_testear/Labyrinth.256x128.bmp,1,105304,105304.0000
unrolled_unrolling,Gamma,ASM,../src/tests/data/imagenes_a_testear/Labyrinth.256x128.bmp,1,107288,107288.0000
unrolled_unrolling,Gamma,ASM,../src/tests/data/imagenes_a_testear/Labyrinth.256x128.bmp,1,106712,106712.0000
unrolled_unrolling,Gamma,ASM,../src/tests/data/imagenes_a_testear/Labyrinth.256x128.bmp,1,105360,105360.0000
unrolled_unrolling,Gamma,ASM,../src/tests/data/imagenes_a_testear/Labyrinth.256x128.bmp,1,106603,106603.0000
unrolled_unrolling,Gamma,ASM,../src/tests/data/imagenes_a_testear/Labyrinth.256x128.bmp,1,106696,106696.0000
unrolled_unrolling,Gamma,ASM,../src/tests/data/imagenes_a_testear/Labyrinth.256x128.bmp,1,104714,104714.0000
unrolled_unrolling,Gamma,ASM,../src/tests/data/imagenes_a_testear/Labyrinth.256x128.bmp,1,131572,131572.0000
unrolled_unrolling,Gamma,ASM,../src/tests/data/imagenes_a_testear/Labyrinth.256x128.bmp,1,105079,105079.0000
unrolled_unrolling,Gamma,ASM,../src/tests/data/imagenes_a_testear/Labyrinth.256x128.bmp,1,104866,104866.0000
unrolled_unrolling,Gamma,ASM,../src/tests/data/imagenes_a_testear/Labyrinth.256x128.bmp,1,132318,132318.0000
unrolled_unrolling,Gamma,ASM,../src/tests/data/imagenes_a_testear/Labyrinth.256x128.bmp,1,124381,124381.0000
unrolled_unrolling,Gamma,ASM,../src/tests/data/imagenes_a_testear/Labyrinth.256x128.bmp,1,126404,126404.0000
unrolled_unrolling,Gamma,ASM,../src/tests/data/imagenes_a_testear/Labyrinth.256x128.bmp,1,107374,107374.0000
unrolled_unrolling,Gamma,ASM,../src/tests/data/imagenes_a_testear/Labyrinth.256x128.bmp,1,110151,110151.0000
unrolled_unrolling,Gamma,ASM,../src/tests/data/imagenes_a_testear/Labyrinth.256x128.bmp,1,105203,105203.0000
unrolled_unrolling,Gamma,ASM,../src/tests/data/imagenes_a_testear/Labyrinth.256x128.bmp,1,104940,104940.0000
unrolled_unrolling,Gamma,ASM,../src/tests/data/imagenes_a_testear/Labyrinth.256x128.bmp,1,104952,104952.0000
unrolled_unrolling,Gamma,ASM,../src/tests/data/imagenes_a_testear/Labyrinth.256x128.bmp,1,104892,104892.0000
unrolled_unrolling,Gamma,ASM,../src/tests/data/imagenes_a_testear/Labyrinth.256x128.bmp,1,105563,105563.0000
unrolled_unrolling,Gamma,ASM,../src/tests/data/imagenes_a_testear/Labyrinth.256x128.bmp,1,104710,104710.0000
unrolled_unrolling,Gamma,ASM,../src/tests/data/imagenes_a_testear/Labyrinth.256x128.bmp,1,104851,104851.0000
unrolled_unrolling,Gamma,ASM,../src/tests/data/imagenes_a_testear/Labyrinth.256x128.bmp,1,104837,104837.0000
unrolled_unrolling,Gamma,ASM,../src/tests/data/imagenes_a_testear/Labyrinth.256x128.bmp,1,106561,106561.0000
unrolled_unrolling,Gamma,ASM,../src/tests/data/imagenes_a_testear/Labyrinth.256x128.bmp,1,105914,105914.0000
unrolled_unrolling,Gamma,ASM,../src/tests/data/imagenes_a_testear/Labyrinth.32x16.bmp,1,1889,1889.0000
unrolled_unrolling,Gamma,ASM,../src/tests/data/imagenes_a_testear/Labyrinth.32x16.bmp,1,1941,1941.0000
unrolled_unrolling,Gamma,ASM,../src/tests/data/imagenes_a_testear/Labyrinth.32x16.bmp,1,2010,2010.0000
unrolled_unrolling,Gamma,ASM,../src/tests/data/imagenes_a_testear/Labyrinth.32x16.bmp,1,1937,1937.0000
unrolled_unrolling,Gamma,ASM,../src/tests/data/imagenes_a_testear/Labyrinth.32x16.bmp,1,2041,2041.0000
unrolled_unrolling,Gamma,ASM,../src/tests/data/imagenes_a_testear/Labyrinth.32x16.bmp,1,1997,1997.0000
unrolled_unrolling,Gamma,ASM,../src/tests/data/imagenes_a_testear/Labyrinth.32x16.bmp,1,1999,1999.0000
unrolled_unrolling,Gamma,ASM,../src/tests/data/imagenes_a_testear/Labyrinth.32x16.bmp,1,2037,2037.0000
unrolled_unrolling,Gamma,ASM,../src/tests/data/imagenes_a_testear/Labyrinth.32x16.bmp,1,1899,1899.0000
unrolled_unrolling,Gamma,ASM,../src/tests/data/imagenes_a_testear/Labyrinth.32x16.bmp,1,1955,1955.0000
unrolled_unrolling,Gamma,ASM,../src/tests/data/imagenes_a_testear/Labyrinth.32x16.bmp,1,1947,1947.0000
unrolled_unrolling,Gamma,ASM,../src/tests/data/imagenes_a_testear/Labyrinth.32x16.bmp,1,1959,1959.0000
unrolled_unrolling,Gamma,ASM,../src/tests/data/imagenes_a_testear/Labyrinth.32x16.bmp,1,1883,1883.0000
unrolled_unrolling,Gamma,ASM,../src/tests/data/imagenes_a_testear/Labyrinth.32x16.bmp,1,1885,1885.0000
unrolled_unrolling,Gamma,ASM,../src/tests/data/imagenes_a_testear/Labyrinth.32x16.bmp,1,1907,1907.0000
unrolled_unrolling,Gamma,ASM,../src/tests/data/imagenes_a_testear/Labyrinth.32x16.bmp,1,2015,2015.0000
unrolled_unrolling,Gamma,ASM,../src/tests/data/imagenes_a_testear/Labyrinth.32x16.bmp,1,1896,1896.0000
unrolled_unrolling,Gamma,ASM,../src/tests/data/imagenes_a_testear/Labyrinth.32x16.bmp,1,2673,2673.0000
unrolled_unrolling,Gamma,ASM,../src/tests/data/imagenes_a_testear/Labyrinth.32x16.bmp,1,1945,1945.0000
unrolled_unrolling,Gamma,ASM,../src/tests/data/imagenes_a_testear/Labyrinth.32x16.bmp,1,2005,2005.0000
unrolled_unrolling,Gamma,ASM,../src/tests/data/imagenes_a_testear/Labyrinth.32x16.bmp,1,2363,2363.0000
unrolled_unrolling,Gamma,ASM,../src/tests/data/imagenes_a_testear/Labyrinth.32x16.bmp,1,2345,2345.0000
unrolled_unrolling,Gamma,ASM,../src/tests/data/imagenes_a_testear/Labyrinth.32x16.bmp,1,1972,1972.0000
unrolled_unrolling,Gamma,ASM,../src/tests/data/imagenes_a_testear/Labyrinth.32x16.bmp,1,2144,2144.0000
unrolled_unrolling,Gamma,ASM,../src/tests/data/imagenes_a_testear/Labyrinth.32x16.bmp,1,1955,1955.0000
unrolled_unrolling,Gamma,ASM,../src/tests/data/imagenes_a_testear/Labyrinth.32x16.bmp,1,1937,1937.0000
unrolled_unrolling,Gamma,ASM,../src/tests/data/imagenes_a_testear/Labyrinth.32x16.bmp,1,1951,1951.0000
unrolled_unrolling,Gamma,ASM,../src/tests/data/imagenes_a_testear/Labyrinth.32x16.bmp,1,2005,2005.0000
unrolled_unrolling,Gamma,ASM,../src/tests/data/imagenes_a_testear/Labyrinth.32x16.bmp,1,1973,1973.0000
unrolled_unrolling,Gamma,ASM,../src/tests/data/imagenes_a_testear/Labyrinth.32x16.bmp,1,1941,1941.0000
unrolled_unrolling,Gamma,ASM,../src/tests/data/imagenes_a_testear/Labyrinth.32x16.bmp,1,1953,1953.0000
unrolled_unrolling,Gamma,ASM,../src/tests/data/imagenes_a_testear/Labyrinth.32x16.bmp,1,1961,1961.0000
unrolled_unrolling,Gamma,ASM,../src/tests/data/imagenes_a_testear/Labyrinth.32x16.bmp,1,1933,1933.0000
unrolled_unrolling,Gamma,ASM,../src/tests/data/imagenes_a_testear/Labyrinth.32x16.bmp,1,1947,1947.0000
unrolled_unrolling,Gamma,ASM,../src/tests/data/imagenes_a_testear/Labyrinth.32x16.bmp,1,1985,1985.0000
unrolled_unrolling,Gamma,ASM,../src/tests/data/imagenes_a_testear/Labyrinth.32x16.bmp,1,1965,1965.0000
unrolled_unrolling,Gamma,ASM,../src/tests/data/imagenes_a_testear/Labyrinth.32x16.bmp,1,1927,1927.0000
unrolled_unrolling,Gamma,ASM,../src/tests/data/imagenes_a_testear/Labyrinth.32x16.bmp,1,2021,2021.0000
unrolled_unrolling,Gamma,ASM,../src/tests/data/imagenes_a_testear/Labyrinth.32x16.bmp,1,1915,1915.0000
unrolled_unrolling,Gamma,ASM,../src/tests/data/imagenes_a_testear/Labyrinth.32x16.bmp,1,1949,1949.0000
unrolled_unrolling,Gamma,ASM,../src/tests/data/imagenes_a_testear/Labyrinth.32x16.bmp,1,1999,1999.0000
unrolled_unrolling,Gamma,ASM,../src/tests/data/imagenes_a_testear/Labyrinth.32x16.bmp,1,1977,1977.0000
unrolled_unrolling,Gamma,ASM,../src/tests/data/imagenes_a_testear/Labyrinth.32x16.bmp,1,1921,1921.0000
unrolled_unrolling,Gamma,ASM,../src/tests/data/imagenes_a_testear/Labyrinth.32x16.bmp,1,1955,1955.0000
unrolled_unrolling,Gamma,ASM,../src/tests/data/imagenes_a_testear/Labyrinth.32x16.bmp,1,1973,1973.0000
unrolled_unrolling,Gamma,ASM,../src/tests/data/imagenes_a_testear/Labyrinth.32x16.bmp,1,1907,1907.0000
unrolled_unrolling,Gamma,ASM,../src/tests/data/imagenes_a_testear/Labyrinth.32x16.bmp,1,2006,2006.0000
unrolled_unrolling,Gamma,ASM,../src/tests/data/imagenes_a_testear/Labyrinth.32x16.bmp,1,1945,1945.0000
unrolled_unrolling,Gamma,ASM,../src/tests/data/imagenes_a_testear/Labyrinth.32x16.bmp,1,1899,1899.0000
unrolled_unrolling,Gamma,ASM,../src/tests/data/imagenes_a_testear/Labyrinth.32x16.bmp,1,1941,1941.0000
unrolled_unrolling,Gamma,ASM,../src/tests/data/imagenes_a_testear/Labyrinth.32x16.bmp,1,1913,1913.0000
unrolled_unrolling,Gamma,ASM,../src/tests/data/imagenes_a_testear/Labyrinth.32x16.bmp,1,1931,1931.0000
unrolled_unrolling,Gamma,ASM,../src/tests/data/imagenes_a_testear/Labyrinth.32x16.bmp,1,1915,1915.0000
unrolled_unrolling,Gamma,ASM,../src/tests/data/imagenes_a_testear/Labyrinth.32x16.bmp,1,1963,1963.0000
unrolled_unrolling,Gamma,ASM,../src/tests/data/imagenes_a_testear/Labyrinth.32x16.bmp,1,1951,1951.0000
unrolled_unrolling,Gamma,ASM,../src/tests/data/imagenes_a_testear/Labyrinth.32x16.bmp,1,1907,1907.0000
unrolled_unrolling,Gamma,ASM,../src/tests/data/imagenes_a_testear/Labyrinth.32x16.bmp,1,1949,1949.0000
unrolled_unrolling,Gamma,ASM,../src/tests/data/imagenes_a_testear/Labyrinth.32x16.bmp,1,1950,1950.0000
unrolled_unrolling,Gamma,ASM,../src/tests/data/imagenes_a_testear/Labyrinth.32x16.bmp,1,2032,2032.0000
unrolled_unrolling,Gamma,ASM,../src/tests/data/imagenes_a_testear/Labyrinth.32x16.bmp,1,1966,1966.0000
unrolled_unrolling,Gamma,ASM,../src/tests/data/imagenes_a_testear/Labyrinth.400x300.bmp,1,401975,401975.0000
unrolled_unrolling,Gamma,ASM,../src/tests/data/imagenes_a_testear/Labyrinth.400x300.bmp,1,438476,438476.0000
unrolled_unrolling,Gamma,ASM,../src/tests/data/imagenes_a_testear/Labyrinth.400x300.bmp,1,400947,400947.0000
unrolled_unrolling,Gamma,ASM,../src/tests/data/imagenes_a_testear/Labyrinth.400x300.bmp,1,411718,411718.0000
unrolled_unrolling,Gamma,ASM,../src/tests/data/imagenes_a_testear/Labyrinth.400x300.bmp,1,418576,418576.0000
unrolled_unrolling,Gamma,ASM,../src/tests/data/imagenes_a_testear/Labyrinth.400x300.bmp,1,415566,415566.0000
unrolled_unrolling,Gamma,ASM,../src/tests/data/imagenes_a_testear/Labyrinth.400x300.bmp,1,416450,416450.0000
unrolled_unrolling,Gamma,ASM,../src/tests/data/imagenes_a_testear/Labyrinth.400x300.bmp,1,416551,416551.0000
unrolled_unrolling,Gamma,ASM,../src/tests/data/imagenes_a_testear/Labyrinth.400x300.bmp,1,395735,395735.0000
unrolled_unrolling,Gamma,ASM,../src/tests/data/imagenes_a_testear/Labyrinth.400x300.bmp,1,396767,396767.0000
unrolled_unrolling,Gamma,ASM,../src/tests/data/imagenes_a_testear/Labyrinth.400x300.bmp,1,401873,401873.0000
unrolled_unrolling,Gamma,ASM,../src/tests/data/imagenes_a_testear/Labyrinth.400x300.bmp,1,401754,401754.0000
unrolled_unrolling,Gamma,ASM,../src/tests/data/imagenes_a_testear/Labyrinth.400x300.bmp,1,416876,416876.0000
unrolled_unrolling,Gamma,ASM,../src/tests/data/imagenes_a_testear/Labyrinth.400x300.bmp,1,412716,412716.0000
unrolled_unrolling,Gamma,ASM,../src/tests/data/imagenes_a_testear/Labyrinth.400x300.bmp,1,412380,412380.0000
unrolled_unrolling,Gamma,ASM,../src/tests/data/imagenes_a_testear/Labyrinth.400x300.bmp,1,403387,403387.0000
unrolled_unrolling,Gamma,ASM,../src/tests/data/imagenes_a_testear/Labyrinth.400x300.bmp,1,397791,397791.0000
unrolled_unrolling,Gamma,ASM,../src/tests/data/imagenes_a_testear/Labyrinth.400x300.bmp,1,390658,390658.0000
unrolled_unrolling,Gamma,ASM,../src/tests/data/imagenes_a_testear/Labyrinth.400x300.bmp,1,418121,418121.0000
unrolled_unrolling,Gamma,ASM,../src/tests/data/imagenes_a_testear/Labyrinth.400x300.bmp,1,387675,387675.0000
unrolled_unrolling,Gamma,ASM,../src/tests/data/imagenes_a_testear/Labyrinth.400x300.bmp,1,387237,387237.0000
unrolled_unrolling,Gamma,ASM,../src/tests/data/imagenes_a_testear/Labyrinth.400x300.bmp,1,390024,390024.0000
unrolled_unrolling,Gamma,ASM,../src/tests/data/imagenes_a_testear/Labyrinth.400x300.bmp,1,388753,388753.0000
unrolled_unrolling,Gamma,ASM,../src/tests/data/imagenes_a_testear/Labyrinth.400x300.bmp,1,425270,425270.0000
unrolled_unrolling,Gamma,ASM,../src/tests/data/imagenes_a_testear/Labyrinth.400x300.bmp,1,559682,559682.0000
unrolled_unrolling,Gamma,ASM,../src/tests/data/imagenes_a_testear/Labyrinth.400x300.bmp,1,523095,523095.0000
unrolled_unrolling,Gamma,ASM,../src/tests/data/imagenes_a_testear/Labyrinth.400x300.bmp,1,409972,409972.0000
unrolled_unrolling,Gamma,ASM,../src/tests/data/imagenes_a_testear/Labyrinth.400x300.bmp,1,403916,403916.0000
unrolled_unrolling,Gamma,ASM,../src/tests/data/imagenes_a_testear/Labyrinth.400x300.bmp,1,404483,404483.0000
unrolled_unrolling,Gamma,ASM,../src/tests/data/imagenes_a_testear/Labyrinth.400x300.bmp,1,402687,402687.0000
unrolled_unrolling,Gamma,ASM,../src/tests/data/imagenes_a_testear/Labyrinth.400x300.bmp,1,397704,397704.0000
unrolled_unrolling,Gamma,ASM,../src/tests/data/imagenes_a_testear/Labyrinth.400x300.bmp,1,392307,392307.0000
unrolled_unrolling,Gamma,ASM,../src/tests/data/imagenes_a_testear/Labyrinth.400x300.bmp,1,399171,399171.0000
unrolled_unrolling,Gamma,ASM,../src/tests/data/imagenes_a_testear/Labyrinth.400x300.bmp,1,402031,402031.0000
unrolled_unrolling,Gamma,ASM,../src/tests/data/imagenes_a_testear/Labyrinth.400x300.bmp,1,399960,399960.0000
unrolled_unrolling,Gamma,ASM,../src/tests/data/imagenes_a_testear/Labyrinth.400x300.bmp,1,418751,418751.0000
unrolled_unrolling,Gamma,ASM,../src/tests/data/imagenes_a_testear/Labyrinth.400x300.bmp,1,405222,405222.0000
unrolled_unrolling,Gamma,ASM,../src/tests/data/imagenes_a_testear/Labyrinth.400x300.bmp,1,402657,402657.0000
unrolled_unrolling,Gamma,ASM,../src/tests/data/imagenes_a_testear/Labyrinth.400x300.bmp,1,398750,398750.0000
unrolled_unrolling,Gamma,ASM,../src/tests/data/imagenes_a_testear/Labyrinth.400x300.bmp,1,394548,394548.0000
unrolled_unrolling,Gamma,ASM,../src/tests/data/imagenes_a_testear/Labyrinth.400x300.bmp,1,402146,402146.0000
unrolled_unrolling,Gamma,ASM,../src/tests/data/imagenes_a_testear/Labyrinth.400x300.bmp,1,419101,419101.0000
unrolled_unrolling,Gamma,ASM,../src/tests/data/imagenes_a_testear/Labyrinth.400x300.bmp,1,407486,407486.0000
unrolled_unrolling,Gamma,ASM,../src/tests/data/imagenes_a_testear/Labyrinth.400x300.bmp,1,402412,402412.0000
unrolled_unrolling,Gamma,ASM,../src/tests/data/imagenes_a_testear/Labyrinth.400x300.bmp,1,410783,410783.0000
unrolled_unrolling,Gamma,ASM,../src/tests/data/imagenes_a_testear/Labyrinth.400x300.bmp,1,406895,406895.0000
unrolled_unrolling,Gamma,ASM,../src/tests/data/imagenes_a_testear/Labyrinth.400x300.bmp,1,406283,406283.0000
unrolled_unrolling,Gamma,ASM,../src/tests/data/imagenes_a_testear/Labyrinth.400x300.bmp,1,402196,402196.0000
unrolled_unrolling,Gamma,ASM,../src/tests/data/imagenes_a_testear/Labyrinth.400x300.bmp,1,402383,402383.0000
unrolled_unrolling,Gamma,ASM,../src/tests/data/imagenes_a_testear/Labyrinth.400x300.bmp,1,401056,401056.0000
unrolled_unrolling,Gamma,ASM,../src/tests/data/imagenes_a_testear/Labyrinth.400x300.bmp,1,398503,398503.0000
unrolled_unrolling,Gamma,ASM,../src/tests/data/imagenes_a_testear/Labyrinth.400x300.bmp,1,401022,401022.0000
unrolled_unrolling,Gamma,ASM,../src/tests/data/imagenes_a_testear/Labyrinth.400x300.bmp,1,395808,395808.0000
unrolled_unrolling,Gamma,ASM,../src/tests/data/imagenes_a_testear/Labyrinth.400x300.bmp,1,429448,429448.0000
unrolled_unrolling,Gamma,ASM,../src/tests/data/imagenes_a_testear/Labyrinth.400x300.bmp,1,397009,397009.0000
unrolled_unrolling,Gamma,ASM,../src/tests/data/imagenes_a_testear/Labyrinth.400x300.bmp,1,411026,411026.0000
unrolled_unrolling,Gamma,ASM,../src/tests/data/imagenes_a_testear/Labyrinth.400x300.bmp,1,536162,536162.0000
unrolled_unrolling,Gamma,ASM,../src/tests/data/imagenes_a_testear/Labyrinth.400x300.bmp,1,503042,503042.0000
unrolled_unrolling,Gamma,ASM,../src/tests/data/imagenes_a_testear/Labyrinth.400x300.bmp,1,528436,528436.0000
unrolled_unrolling,Gamma,ASM,../src/tests/data/imagenes_a_testear/Labyrinth.400x300.bmp,1,400716,400716.0000
unrolled_unrolling,Gamma,ASM,../src/tests/data/imagenes_a_testear/Labyrinth.512x256.bmp,1,446142,446142.0000
unrolled_unrolling,Gamma,ASM,../src/tests/data/imagenes_a_testear/Labyrinth.512x256.bmp,1,461968,461968.0000
unrolled_unrolling,Gamma,ASM,../src/tests/data/imagenes_a_testear/Labyrinth.512x256.bmp,1,454938,454938.0000
unrolled_unrolling,Gamma,ASM,../src/tests/data/imagenes_a_testear/Labyrinth.512x256.bmp,1,467169,467169.0000
unrolled_unrolling,Gamma,ASM,../src/tests/data/imagenes_a_testear/Labyrinth.512x256.bmp,1,440694,440694.0000
unrolled_unrolling,Gamma,ASM,../src/tests/data/imagenes_a_testear/Labyrinth.512x256.bmp,1,427962,427962.0000
unrolled_unrolling,Gamma,ASM,../src/tests/data/imagenes_a_testear/Labyrinth.512x256.bmp,1,436872,436872.0000
unrolled_unrolling,Gamma,ASM,../src/tests/data/imagenes_a_testear/Labyrinth.512x256.bmp,1,439882,439882.0000
unrolled_unrolling,Gamma,ASM,../src/tests/data/imagenes_a_testear/Labyrinth.512x256.bmp,1,444811,444811.0000
unrolled_unrolling,Gamma,ASM,../src/tests/data/imagenes_a_testear/Labyrinth.512x256.bmp,1,439900,439900.0000
unrolled_unrolling,Gamma,ASM,../src/tests/data/imagenes_a_testear/Labyrinth.512x256.bmp,1,445254,445254.0000
unrolled_unrolling,Gamma,ASM,../src/tests/data/imagenes_a_testear/Labyrinth.512x256.bmp,1,438446,438446.0000
unrolled_unrolling,Gamma,ASM,../src/tests/data/imagenes_a_testear/Labyrinth.512x256.bmp,1,441565,441565.0000
unrolled_unrolling,Gamma,ASM,../src/tests/data/imagenes_a_testear/Labyrinth.512x256.bmp,1,694575,694575.0000
unrolled_unrolling,Gamma,ASM,../src/tests/data/imagenes_a_testear/Labyrinth.512x256.bmp,1,455366,455366.0000
unrolled_unrolling,Gamma,ASM,../src/tests/data/imagenes_a_testear/Labyrinth.512x256.bmp,1,449581,449581.0000
unrolled_unrolling,Gamma,ASM,../src/tests/data/imagenes_a_testear/Labyrinth.512x256.bmp,1,444091,444091.0000
unrolled_unrolling,Gamma,ASM,../src/tests/data/imagenes_a_testear/Labyrinth.512x256.bmp,1,435432,435432.0000
unrolled_unrolling,Gamma,ASM,../src/tests/data/imagenes_a_testear/Labyrinth.512x256.bmp,1,445228,445228.0000
unrolled_unrolling,Gamma,ASM,../src/tests/data/imagenes_a_testear/Labyrinth.512x256.bmp,1,447692,447692.0000
unrolled_unrolling,Gamma,ASM,../src/tests/data/imagenes_a_testear/Labyrinth.512x256.bmp,1,433720,433720.0000
unrolled_unrolling,Gamma,ASM,../src/tests/data/imagenes_a_testear/Labyrinth.512x256.bmp,1,458054,458054.0000
unrolled_unrolling,Gamma,ASM,../src/tests/data/imagenes_a_testear/Labyrinth.512x256.bmp,1,455133,455133.0000
unrolled_unrolling,Gamma,ASM,../src/tests/data/imagenes_a_testear/Labyrinth.512x256.bmp,1,447111,447111.0000
unrolled_unrolling,Gamma,ASM,../src/tests/data/imagenes_a_testear/Labyrinth.512x256.bmp,1,459993,459993.0000
unrolled_unrolling,Gamma,ASM,../src/tests/data/imagenes_a_testear/Labyrinth.512x256.bmp,1,449280,449280.0000
unrolled_unrolling,Gamma,ASM,../src/tests/data/imagenes_a_testear/Labyrinth.512x256.bmp,1,435664,435664.0000
unrolled_unrolling,Gamma,ASM,../src/tests/data/imagenes_a_testear/Labyrinth.512x256.bmp,1,449229,449229.0000
unrolled_unrolling,Gamma,ASM,../src/tests/data/imagenes_a_testear/Labyrinth.512x256.bmp,1,441933,441933.0000
unrolled_unrolling,Gamma,ASM,../src/tests/data/imagenes_a_testear/Labyrinth.512x256.bmp,1,428790,428790.0000
unrolled_unrolling,Gamma,ASM,../src/tests/data/imagenes_a_testear/Labyrinth.512x256.bmp,1,453100,453100.0000
unrolled_unrolling,Gamma,ASM,../src/tests/data/imagenes_a_testear/Labyrinth.512x256.bmp,1,443615,443615.0000
unrolled_unrolling,Gamma,ASM,../src/tests/data/imagenes_a_testear/Labyrinth.512x256.bmp,1,490545,490545.0000
unrolled_unrolling,Gamma,ASM,../src/tests/data/imagenes_a_testear/Labyrinth.512x256.bmp,1,444632,444632.0000
unrolled_unrolling,Gamma,ASM,../src/tests/data/imagenes_a_testear/Labyrinth.512x256.bmp,1,447099,447099.0000
unrolled_unrolling,Gamma,ASM,../src/tests/data/imagenes_a_testear/Labyrinth.512x256.bmp,1,518603,518603.0000
unrolled_unrolling,Gamma,ASM,../src/tests/data/imagenes_a_testear/Labyrinth.512x256.bmp,1,446546,446546.0000
unrolled_unrolling,Gamma,ASM,../src/tests/data/imagenes_a_testear/Labyrinth.512x256.bmp,1,444909,444909.0000
unrolled_unrolling,Gamma,ASM,../src/tests/data/imagenes_a_testear/Labyrinth.512x256.bmp,1,448908,448908.0000
unrolled_unrolling,Gamma,ASM,../src/tests/data/imagenes_a_testear/Labyrinth.512x256.bmp,1,448646,448646.0000
unrolled_unrolling,Gamma,ASM,../src/tests/data/imagenes_a_testear/Labyrinth.512x256.bmp,1,443683,443683.0000
unrolled_unrolling,Gamma,ASM,../src/tests/data/imagenes_a_testear/Labyrinth.512x256.bmp,1,443764,443764.0000
unrolled_unrolling,Gamma,ASM,../src/tests/data/imagenes_a_testear/Labyrinth.512x256.bmp,1,433785,433785.0000
unrolled_unrolling,Gamma,ASM,../src/tests/data/imagenes_a_testear/Labyrinth.512x256.bmp,1,452861,452861.0000
unrolled_unrolling,Gamma,ASM,../src/tests/data/imagenes_a_testear/Labyrinth.512x256.bmp,1,448694,448694.0000
unrolled_unrolling,Gamma,ASM,../src/tests/data/imagenes_a_testear/Labyrinth.512x256.bmp,1,614562,614562.0000
unrolled_unrolling,Gamma,ASM,../src/tests/data/imagenes_a_testear/Labyrinth.512x256.bmp,1,451721,451721.0000
unrolled_unrolling,Gamma,ASM,../src/tests/data/imagenes_a_testear/Labyrinth.512x256.bmp,1,440011,440011.0000
unrolled_unrolling,Gamma,ASM,../src/tests/data/imagenes_a_testear/Labyrinth.512x256.bmp,1,454638,454638.0000
unrolled_unrolling,Gamma,ASM,../src/tests/data/imagenes_a_testear/Labyrinth.512x256.bmp,1,583124,583124.0000
unrolled_unrolling,Gamma,ASM,../src/tests/data/imagenes_a_testear/Labyrinth.512x256.bmp,1,448271,448271.0000
unrolled_unrolling,Gamma,ASM,../src/tests/data/imagenes_a_testear/Labyrinth.512x256.bmp,1,692123,692123.0000
unrolled_unrolling,Gamma,ASM,../src/tests/data/imagenes_a_testear/Labyrinth.512x256.bmp,1,470820,470820.0000
unrolled_unrolling,Gamma,ASM,../src/tests/data/imagenes_a_testear/Labyrinth.512x256.bmp,1,585596,585596.0000
unrolled_unrolling,Gamma,ASM,../src/tests/data/imagenes_a_testear/Labyrinth.512x256.bmp,1,447624,447624.0000
unrolled_unrolling,Gamma,ASM,../src/tests/data/imagenes_a_testear/Labyrinth.512x256.bmp,1,439397,439397.0000
unrolled_unrolling,Gamma,ASM,../src/tests/data/imagenes_a_testear/Labyrinth.512x256.bmp,1,453610,453610.0000
unrolled_unrolling,Gamma,ASM,../src/tests/data/imagenes_a_testear/Labyrinth.512x256.bmp,1,448045,448045.0000
unrolled_unrolling,Gamma,ASM,../src/tests/data/imagenes_a_testear/Labyrinth.512x256.bmp,1,452729,452729.0000
unrolled_unrolling,Gamma,ASM,../src/tests/data/imagenes_a_testear/Labyrinth.512x256.bmp,1,448390,448390.0000
unrolled_unrolling,Gamma,ASM,../src/tests/data/imagenes_a_testear/Labyrinth.64x32.bmp,1,7066,7066.0000
unrolled_unrolling,Gamma,ASM,../src/tests/data/imagenes_a_testear/Labyrinth.64x32.bmp,1,6833,6833.0000
unrolled_unrolling,Gamma,ASM,../src/tests/data/imagenes_a_testear/Labyrinth.64x32.bmp,1,7272,7272.0000
unrolled_unrolling,Gamma,ASM,../src/tests/data/imagenes_a_testear/Labyrinth.64x32.bmp,1,6994,6994.0000
unrolled_unrolling,Gamma,ASM,../src/tests/data/imagenes_a_testear/Labyrinth.64x32.bmp,1,6823,6823.0000
unrolled_unrolling,Gamma,ASM,../src/tests/data/imagenes_a_testear/Labyrinth.64x32.bmp,1,6875,6875.0000
unrolled_unrolling,Gamma,ASM,../src/tests/data/imagenes_a_testear/Labyrinth.64x32.bmp,1,6850,6850.0000
unrolled_unrolling,Gamma,ASM,../src/tests/data/imagenes_a_testear/Labyrinth.64x32.bmp,1,6952,6952.0000
unrolled_unrolling,Gamma,ASM,../src/tests/data/imagenes_a_testear/Labyrinth.64x32.bmp,1,6963,6963.0000
unrolled_unrolling,Gamma,ASM,../src/tests/data/imagenes_a_testear/Labyrinth.64x32.bmp,1,6748,6748.0000
unrolled_unrolling,Gamma,ASM,../src/tests/data/imagenes_a_testear/Labyrinth.64x32.bmp,1,6851,6851.0000
unrolled_unrolling,Gamma,ASM,../src/tests/data/imagenes_a_testear/Labyrinth.64x32.bmp,1,6914,6914.0000
unrolled_unrolling,Gamma,ASM,../src/tests/data/imagenes_a_testear/Labyrinth.64x32.bmp,1,6829,6829.0000
unrolled_unrolling,Gamma,ASM,../src/tests/data/imagenes_a_testear/Labyrinth.64x32.bmp,1,6636,6636.0000
unrolled_unrolling,Gamma,ASM,../src/tests/data/imagenes_a_testear/Labyrinth.64x32.bmp,1,6879,6879.0000
unrolled_unrolling,Gamma,ASM,../src/tests/data/imagenes_a_testear/Labyrinth.64x32.bmp,1,9792,9792.0000
unrolled_unrolling,Gamma,ASM,../src/tests/data/imagenes_a_testear/Labyrinth.64x32.bmp,1,6829,6829.0000
unrolled_unrolling,Gamma,ASM,../src/tests/data/imagenes_a_testear/Labyrinth.64x32.bmp,1,6906,6906.0000
unrolled_unrolling,Gamma,ASM,../src/tests/data/imagenes_a_testear/Labyrinth.64x32.bmp,1,6916,6916.0000
unrolled_unrolling,Gamma,ASM,../src/tests/data/imagenes_a_testear/Labyrinth.64x32.bmp,1,6917,6917.0000
unrolled_unrolling,Gamma,ASM,../src/tests/data/imagenes_a_testear/Labyrinth.64x32.bmp,1,6819,6819.0000
unrolled_unrolling,Gamma,ASM,../src/tests/data/imagenes_a_testear/Labyrinth.64x32.bmp,1,6859,6859.0000
unrolled_unrolling,Gamma,ASM,../src/tests/data/imagenes_a_testear/Labyrinth.64x32.bmp,1,9104,9104.0000
unrolled_unrolling,Gamma,ASM,../src/tests/data/imagenes_a_testear/Labyrinth.64x32.bmp,1,10084,10084.0000
unrolled_unrolling,Gamma,ASM,../src/tests/data/imagenes_a_testear/Labyrinth.64x32.bmp,1,6863,6863.0000
unrolled_unrolling,Gamma,ASM,../src/tests/data/imagenes_a_testear/Labyrinth.64x32.bmp,1,6917,6917.0000
unrolled_unrolling,Gamma,ASM,../src/tests/data/imagenes_a_testear/Labyrinth.64x32.bmp,1,6908,6908.0000
unrolled_unrolling,Gamma,ASM,../src/tests/data/imagenes_a_testear/Labyrinth.64x32.bmp,1,6871,6871.0000
unrolled_unrolling,Gamma,ASM,../src/tests/data/imagenes_a_testear/Labyrinth.64x32.bmp,1,6902,6902.0000
unrolled_unrolling,Gamma,ASM,../src/tests/data/imagenes_a_testear/Labyrinth.64x32.bmp,1,6859,6859.0000
unrolled_unrolling,Gamma,ASM,../src/tests/data/imagenes_a_testear/Labyrinth.64x32.bmp,1,7020,7020.0000
unrolled_unrolling,Gamma,ASM,../src/tests/data/imagenes_a_testear/Labyrinth.64x32.bmp,1,6719,6719.0000
unrolled_unrolling,Gamma,ASM,../src/tests/data/imagenes_a_testear/Labyrinth.64x32.bmp,1,6913,6913.0000
unrolled_unrolling,Gamma,ASM,../src/tests/data/imagenes_a_testear/Labyrinth.64x32.bmp,1,6747,6747.0000
unrolled_unrolling,Gamma,ASM,../src/tests/data/imagenes_a_testear/Labyrinth.64x32.bmp,1,6917,6917.0000
unrolled_unrolling,Gamma,ASM,../src/tests/data/imagenes_a_testear/Labyrinth.64x32.bmp,1,6821,6821.0000
unrolled_unrolling,Gamma,ASM,../src/tests/data/imagenes_a_testear/Labyrinth.64x32.bmp,1,6895,6895.0000
unrolled_unrolling,Gamma,ASM,../src/tests/data/imagenes_a_testear/Labyrinth.64x32.bmp,1,6938,6938.0000
unrolled_unrolling,Gamma,ASM,../src/tests/data/imagenes_a_testear/Labyrinth.64x32.bmp,1,6829,6829.0000
unrolled_unrolling,Gamma,ASM,../src/tests/data/imagenes_a_testear/Labyrinth.64x32.bmp,1,6813,6813.0000
unrolled_unrolling,Gamma,ASM,../src/tests/data/imagenes_a_testear/Labyrinth.64x32.bmp,1,6811,6811.0000
unrolled_unrolling,Gamma,ASM,../src/tests/data/imagenes_a_testear/Labyrinth.64x32.bmp,1,6917,6917.0000
unrolled_unrolling,Gamma,ASM,../src/tests/data/imagenes_a_testear/Labyrinth.64x32.bmp,1,6664,6664.0000
unrolled_unrolling,Gamma,ASM,../src/tests/data/imagenes_a_testear/Labyrinth.64x32.bmp,1,6910,6910.0000
unrolled_unrolling,Gamma,ASM,../src/tests/data/imagenes_a_testear/Labyrinth.64x32.bmp,1,6756,6756.0000
unrolled_unrolling,Gamma,ASM,../src/tests/data/imagenes_a_testear/Labyrinth.64x32.bmp,1,6911,6911.0000
unrolled_unrolling,Gamma,ASM,../src/tests/data/imagenes_a_testear/Labyrinth.64x32.bmp,1,6886,6886.0000
unrolled_unrolling,Gamma,ASM,../src/tests/data/imagenes_a_testear/Labyrinth.64x32.bmp,1,6884,6884.0000
unrolled_unrolling,Gamma,ASM,../src/tests/data/imagenes_a_testear/Labyrinth.64x32.bmp,1,6976,6976.0000
unrolled_unrolling,Gamma,ASM,../src/tests/data/imagenes_a_testear/Labyrinth.64x32.bmp,1,7014,7014.0000
unrolled_unrolling,Gamma,ASM,../src/tests/data/imagenes_a_testear/Labyrinth.64x32.bmp,1,6966,6966.0000
unrolled_unrolling,Gamma,ASM,../src/tests/data/imagenes_a_testear/Labyrinth.64x32.bmp,1,6876,6876.0000
unrolled_unrolling,Gamma,ASM,../src/tests/data/imagenes_a_testear/Labyrinth.64x32.bmp,1,6817,6817.0000
unrolled_unrolling,Gamma,ASM,../src/tests/data/imagenes_a_testear/Labyrinth.64x32.bmp,1,6952,6952.0000
unrolled_unrolling,Gamma,ASM,../src/tests/data/imagenes_a_testear/Labyrinth.64x32.bmp,1,6900,6900.0000
unrolled_unrolling,Gamma,ASM,../src/tests/data/imagenes_a_testear/Labyrinth.64x32.bmp,1,6739,6739.0000
unrolled_unrolling,Gamma,ASM,../src/tests/data/imagenes_a_testear/Labyrinth.64x32.bmp,1,6687,6687.0000
unrolled_unrolling,Gamma,ASM,../src/tests/data/imagenes_a_testear/Labyrinth.64x32.bmp,1,6718,6718.0000
unrolled_unrolling,Gamma,ASM,../src/tests/data/imagenes_a_testear/Labyrinth.64x32.bmp,1,6966,6966.0000
unrolled_unrolling,Gamma,ASM,../src/tests/data/imagenes_a_testear/Labyrinth.64x32.bmp,1,6869,6869.0000
unrolled_unrolling,Gamma,ASM,../src/tests/data/imagenes_a_testear/Labyrinth.800x600.bmp,1,1721123,1721123.0000
unrolled_unrolling,Gamma,ASM,../src/tests/data/imagenes_a_testear/Labyrinth.800x600.bmp,1,1706499,1706499.0000
unrolled_unrolling,Gamma,ASM,../src/tests/data/imagenes_a_testear/Labyrinth.800x600.bmp,1,2031147,2031147.0000
unrolled_unrolling,Gamma,ASM,../src/tests/data/imagenes_a_testear/Labyrinth.800x600.bmp,1,1687557,1687557.0000
unrolled_unrolling,Gamma,ASM,../src/tests/data/imagenes_a_testear/Labyrinth.800x600.bmp,1,1672035,1672035.0000
unrolled_unrolling,Gamma,ASM,../src/tests/data/imagenes_a_testear/Labyrinth.800x600.bmp,1,1694519,1694519.0000
unrolled_unrolling,Gamma,ASM,../src/tests/data/imagenes_a_testear/Labyrinth.800x600.bmp,1,1681702,1681702.0000
unrolled_unrolling,Gamma,ASM,../src/tests/data/imagenes_a_testear/Labyrinth.800x600.bmp,1,1670084,1670084.0000
unrolled_unrolling,Gamma,ASM,../src/tests/data/imagenes_a_testear/Labyrinth.800x600.bmp,1,1674050,1674050.0000
unrolled_unrolling,Gamma,ASM,../src/tests/data/imagenes_a_testear/Labyrinth.800x600.bmp,1,1671334,1671334.0000
unrolled_unrolling,Gamma,ASM,../src/tests/data/imagenes_a_testear/Labyrinth.800x600.bmp,1,1816731,1816731.0000
unrolled_unrolling,Gamma,ASM,../src/tests/data/imagenes_a_testear/Labyrinth.800x600.bmp,1,1700688,1700688.0000
unrolled_unrolling,Gamma,ASM,../src/tests/data/imagenes_a_testear/Labyrinth.800x600.bmp,1,1689241,1689241.0000
unrolled_unrolling,Gamma,ASM,../src/tests/data/imagenes_a_testear/Labyrinth.800x600.bmp,1,1666283,1666283.0000
unrolled_unrolling,Gamma,ASM,../src/tests/data/imagenes_a_testear/Labyrinth.800x600.bmp,1,1692318,1692318.0000
unrolled_unrolling,Gamma,ASM,../src/tests/data/imagenes_a_testear/Labyrinth.800x600.bmp,1,1715131,1715131.0000
unrolled_unrolling,Gamma,ASM,../src/tests/data/imagenes_a_testear/Labyrinth.800x600.bmp,1,1663520,1663520.0000
unrolled_unrolling,Gamma,ASM,../src/tests/data/imagenes_a_testear/Labyrinth.800x600.bmp,1,1831180,1831180.0000
unrolled_unrolling,Gamma,ASM,../src/tests/data/imagenes_a_testear/Labyrinth.800x600.bmp,1,1678562,1678562.0000
unrolled_unrolling,Gamma,ASM,../src/tests/data/imagenes_a_testear/Labyrinth.800x600.bmp,1,1666320,1666320.0000
unrolled_unrolling,Gamma,ASM,../src/tests/data/imagenes_a_testear/Labyrinth.800x600.bmp,1,1687672,1687672.0000
unrolled_unrolling,Gamma,ASM,../src/tests/data/imagenes_a_testear/Labyrinth.800x600.bmp,1,1668033,1668033.0000
unrolled_unrolling,Gamma,ASM,../src/tests/data/imagenes_a_testear/Labyrinth.800x600.bmp,1,1675150,1675150.0000
unrolled_unrolling,Gamma,ASM,../src/tests/data/imagenes_a_testear/Labyrinth.800x600.bmp,1,1667171,1667171.0000
unrolled_unrolling,Gamma,ASM,../src/tests/data/imagenes_a_testear/Labyrinth.800x600.bmp,1,1673672,1673672.0000
unrolled_unrolling,Gamma,ASM,../src/tests/data/imagenes_a_testear/Labyrinth.800x600.bmp,1,2450065,2450065.0000
unrolled_unrolling,Gamma,ASM,../src/tests/data/imagenes_a_testear/Labyrinth.800x600.bmp,1,2405017,2405017.0000
unrolled_unrolling,Gamma,ASM,../src/tests/data/imagenes_a_testear/Labyrinth.800x600.bmp,1,1664775,1664775.0000
unrolled_unrolling,Gamma,ASM,../src/tests/data/imagenes_a_testear/Labyrinth.800x600.bmp,1,1749774,1749774.0000
unrolled_unrolling,Gamma,ASM,../src/tests/data/imagenes_a_testear/Labyrinth.800x600.bmp,1,1697522,1697522.0000
unrolled_unrolling,Gamma,ASM,../src/tests/data/imagenes_a_testear/Labyrinth.800x600.bmp,1,1672419,1672419.0000
unrolled_unrolling,Gamma,ASM,../src/tests/data/imagenes_a_testear/Labyrinth.800x600.bmp,1,1674846,1674846.0000
unrolled_unrolling,Gamma,ASM,../src/tests/data/imagenes_a_testear/Labyrinth.800x600.bmp,1,1669464,1669464.0000
unrolled_unrolling,Gamma,ASM,../src/tests/data/imagenes_a_testear/Labyrinth.800x600.bmp,1,1833093,1833093.0000
unrolled_unrolling,Gamma,ASM,../src/tests/data/imagenes_a_testear/Labyrinth.800x600.bmp,1,1682486,1682486.0000
unrolled_unrolling,Gamma,ASM,../src/tests/data/imagenes_a_testear/Labyrinth.800x600.bmp,1,1674657,1674657.0000
unrolled_unrolling,Gamma,ASM,../src/tests/data/imagenes_a_testear/Labyrinth.800x600.bmp,1,2038951,2038951.0000
unrolled_unrolling,Gamma,ASM,../src/tests/data/imagenes_a_testear/Labyrinth.800x600.bmp,1,1672781,1672781.0000
unrolled_unrolling,Gamma,ASM,../src/tests/data/imagenes_a_testear/Labyrinth.800x600.bmp,1,1666145,1666145.0000
unrolled_unrolling,Gamma,ASM,../src/tests/data/imagenes_a_testear/Labyrinth.800x600.bmp,1,1705081,1705081.0000
unrolled_unrolling,Gamma,ASM,../src/tests/data/imagenes_a_testear/Labyrinth.800x600.bmp,1,1681189,1681189.0000
unrolled_unrolling,Gamma,ASM,../src/tests/data/imagenes_a_testear/Labyrinth.800x600.bmp,1,1671779,1671779.0000
unrolled_unrolling,Gamma,ASM,../src/tests/data/imagenes_a_testear/Labyrinth.800x600.bmp,1,1668440,1668440.0000
unrolled_unrolling,Gamma,ASM,../src/tests/data/imagenes_a_testear/Labyrinth.800x600.bmp,1,1687654,1687654.0000
unrolled_unrolling,Gamma,ASM,../src/tests/data/imagenes_a_testear/Labyrinth.800x600.bmp,1,1733598,1733598.0000
unrolled_unrolling,Gamma,ASM,../src/tests/data/imagenes_a_testear/Labyrinth.800x600.bmp,1,1662720,1662720.0000
unrolled_unrolling,Gamma,ASM,../src/tests/data/imagenes_a_testear/Labyrinth.800x600.bmp,1,1732659,1732659.0000
unrolled_unrolling,Gamma,ASM,../src/tests/data/imagenes_a_testear/Labyrinth.800x600.bmp,1,1819481,1819481.0000
unrolled_unrolling,Gamma,ASM,../src/tests/data/imagenes_a_testear/Labyrinth.800x600.bmp,1,1675269,1675269.0000
unrolled_unrolling,Gamma,ASM,../src/tests/data/imagenes_a_testear/Labyrinth.800x600.bmp,1,1673367,1673367.0000
unrolled_unrolling,Gamma,ASM,../src/tests/data/imagenes_a_testear/Labyrinth.800x600.bmp,1,1778939,1778939.0000
unrolled_unrolling,Gamma,ASM,../src/tests/data/imagenes_a_testear/Labyrinth.800x600.bmp,1,2369371,2369371.0000
unrolled_unrolling,Gamma,ASM,../src/tests/data/imagenes_a_testear/Labyrinth.800x600.bmp,1,1668225,1668225.0000
unrolled_unrolling,Gamma,ASM,../src/tests/data/imagenes_a_testear/Labyrinth.800x600.bmp,1,1652304,1652304.0000
unrolled_unrolling,Gamma,ASM,../src/tests/data/imagenes_a_testear/Labyrinth.800x600.bmp,1,1692167,1692167.0000
unrolled_unrolling,Gamma,ASM,../src/tests/data/imagenes_a_testear/Labyrinth.800x600.bmp,1,1670936,1670936.0000
unrolled_unrolling,Gamma,ASM,../src/tests/data/imagenes_a_testear/Labyrinth.800x600.bmp,1,1677427,1677427.0000
unrolled_unrolling,Gamma,ASM,../src/tests/data/imagenes_a_testear/Labyrinth.800x600.bmp,1,1820449,1820449.0000
unrolled_unrolling,Gamma,ASM,../src/tests/data/imagenes_a_testear/Labyrinth.800x600.bmp,1,1722151,1722151.0000
unrolled_unrolling,Gamma,ASM,../src/tests/data/imagenes_a_testear/Labyrinth.800x600.bmp,1,1634715,1634715.0000