normal_unrolling,Gamma,ASM,../src/tests/data/imagenes_a_testear/Labyrinth.128x64.bmp,1,29475,29475.0000
normal_unrolling,Gamma,ASM,../src/tests/data/imagenes_a_testear/Labyrinth.128x64.bmp,1,28843,28843.0000
normal_unrolling,Gamma,ASM,../src/tests/data/imagenes_a_testear/Labyrinth.128x64.bmp,1,29418,29418.0000
normal_unrolling,Gamma,ASM,../src/tests/data/imagenes_a_testear/Labyrinth.128x64.bmp,1,28921,28921.0000
normal_unrolling,Gamma,ASM,../src/tests/data/imagenes_a_testear/Labyrinth.128x64.bmp,1,29334,29334.0000
normal_unrolling,Gamma,ASM,../src/tests/data/imagenes_a_testear/Labyrinth.128x64.bmp,1,29319,29319.0000
normal_unrolling,Gamma,ASM,../src/tests/data/imagenes_a_testear/Labyrinth.128x64.bmp,1,42487,42487.0000
normal_unrolling,Gamma,ASM,../src/tests/data/imagenes_a_testear/Labyrinth.128x64.bmp,1,29403,29403.0000
normal_unrolling,Gamma,ASM,../src/tests/data/imagenes_a_testear/Labyrinth.128x64.bmp,1,44593,44593.0000
normal_unrolling,Gamma,ASM,../src/tests/data/imagenes_a_testear/Labyrinth.128x64.bmp,1,29239,29239.0000
normal_unrolling,Gamma,ASM,../src/tests/data/imagenes_a_testear/Labyrinth.128x64.bmp,1,29834,29834.0000
normal_unrolling,Gamma,ASM,../src/tests/data/imagenes_a_testear/Labyrinth.128x64.bmp,1,29145,29145.0000
normal_unrolling,Gamma,ASM,../src/tests/data/imagenes_a_testear/Labyrinth.128x64.bmp,1,28875,28875.0000
normal_unrolling,Gamma,ASM,../src/tests/data/imagenes_a_testear/Labyrinth.128x64.bmp,1,27972,27972.0000
normal_unrolling,Gamma,ASM,../src/tests/data/imagenes_a_testear/Labyrinth.128x64.bmp,1,27891,27891.0000
normal_unrolling,Gamma,ASM,../src/tests/data/imagenes_a_testear/Labyrinth.128x64.bmp,1,28873,28873.0000
normal_unrolling,Gamma,ASM,../src/tests/data/imagenes_a_testear/Labyrinth.128x64.bmp,1,29024,29024.0000
normal_unrolling,Gamma,ASM,../src/tests/data/imagenes_a_testear/Labyrinth.128x64.bmp,1,29006,29006.0000
normal_unrolling,Gamma,ASM,../src/tests/data/imagenes_a_testear/Labyrinth.128x64.bmp,1,27849,27849.0000
normal_unrolling,Gamma,ASM,../src/tests/data/imagenes_a_testear/Labyrinth.128x64.bmp,1,28939,28939.0000
normal_unrolling,Gamma,ASM,../src/tests/data/imagenes_a_testear/Labyrinth.128x64.bmp,1,28734,28734.0000
normal_unrolling,Gamma,ASM,../src/tests/data/imagenes_a_testear/Labyrinth.128x64.bmp,1,28895,28895.0000
normal_unrolling,Gamma,ASM,../src/tests/data/imagenes_a_testear/Labyrinth.128x64.bmp,1,28833,28833.0000
normal_unrolling,Gamma,ASM,../src/tests/data/imagenes_a_testear/Labyrinth.128x64.bmp,1,40005,40005.0000
normal_unrolling,Gamma,ASM,../src/tests/data/imagenes_a_testear/Labyrinth.128x64.bmp,1,27924,27924.0000
normal_unrolling,Gamma,ASM,../src/tests/data/imagenes_a_testear/Labyrinth.128x64.bmp,1,28808,28808.0000
normal_unrolling,Gamma,ASM,../src/tests/data/imagenes_a_testear/Labyrinth.128x64.bmp,1,28762,28762.0000
normal_unrolling,Gamma,ASM,../src/tests/data/imagenes_a_testear/Labyrinth.128x64.bmp,1,37950,37950.0000
normal_unrolling,Gamma,ASM,../src/tests/data/imagenes_a_testear/Labyrinth.128x64.bmp,1,28791,28791.0000
normal_unrolling,Gamma,ASM,../src/tests/data/imagenes_a_testear/Labyrinth.128x64.bmp,1,28805,28805.0000
normal_unrolling,Gamma,ASM,../src/tests/data/imagenes_a_testear/Labyrinth.128x64.bmp,1,28785,28785.0000
normal_unrolling,Gamma,ASM,../src/tests/data/imagenes_a_testear/Labyrinth.128x64.bmp,1,29009,29009.0000
normal_unrolling,Gamma,ASM,../src/tests/data/imagenes_a_testear/Labyrinth.128x64.bmp,1,29465,29465.0000
normal_unrolling,Gamma,ASM,../src/tests/data/imagenes_a_testear/Labyrinth.128x64.bmp,1,28849,28849.0000
normal_unrolling,Gamma,ASM,../src/tests/data/imagenes_a_testear/Labyrinth.128x64.bmp,1,37973,37973.0000
normal_unrolling,Gamma,ASM,../src/tests/data/imagenes_a_testear/Labyrinth.128x64.bmp,1,28989,28989.0000
normal_unrolling,Gamma,ASM,../src/tests/data/imagenes_a_testear/Labyrinth.128x64.bmp,1,27855,27855.0000
normal_unrolling,Gamma,ASM,../src/tests/data/imagenes_a_testear/Labyrinth.128x64.bmp,1,28794,28794.0000
normal_unrolling,Gamma,ASM,../src/tests/data/imagenes_a_testear/Labyrinth.128x64.bmp,1,30832,30832.0000
normal_unrolling,Gamma,ASM,../src/tests/data/imagenes_a_testear/Labyrinth.128x64.bmp,1,29200,29200.0000
normal_unrolling,Gamma,ASM,../src/tests/data/imagenes_a_testear/Labyrinth.128x64.bmp,1,29342,29342.0000
normal_unrolling,Gamma,ASM,../src/tests/data/imagenes_a_testear/Labyrinth.128x64.bmp,1,29443,29443.0000
normal_unrolling,Gamma,ASM,../src/tests/data/imagenes_a_testear/Labyrinth.128x64.bmp,1,29215,29215.0000
normal_unrolling,Gamma,ASM,../src/tests/data/imagenes_a_testear/Labyrinth.128x64.bmp,1,30778,30778.0000
normal_unrolling,Gamma,ASM,../src/tests/data/imagenes_a_testear/Labyrinth.128x64.bmp,1,29416,29416.0000
normal_unrolling,Gamma,ASM,../src/tests/data/imagenes_a_testear/Labyrinth.128x64.bmp,1,28766,28766.0000
normal_unrolling,Gamma,ASM,../src/tests/data/imagenes_a_testear/Labyrinth.128x64.bmp,1,29223,29223.0000
normal_unrolling,Gamma,ASM,../src/tests/data/imagenes_a_testear/Labyrinth.128x64.bmp,1,29181,29181.0000
normal_unrolling,Gamma,ASM,../src/tests/data/imagenes_a_testear/Labyrinth.128x64.bmp,1,28811,28811.0000
normal_unrolling,Gamma,ASM,../src/tests/data/imagenes_a_testear/Labyrinth.128x64.bmp,1,27853,27853.0000
normal_unrolling,Gamma,ASM,../src/tests/data/imagenes_a_testear/Labyrinth.128x64.bmp,1,27990,27990.0000
normal_unrolling,Gamma,ASM,../src/tests/data/imagenes_a_testear/Labyrinth.128x64.bmp,1,28823,28823.0000
normal_unrolling,Gamma,ASM,../src/tests/data/imagenes_a_testear/Labyrinth.128x64.bmp,1,29156,29156.0000
normal_unrolling,Gamma,ASM,../src/tests/data/imagenes_a_testear/Labyrinth.128x64.bmp,1,42131,42131.0000
normal_unrolling,Gamma,ASM,../src/tests/data/imagenes_a_testear/Labyrinth.128x64.bmp,1,29382,29382.0000
normal_unrolling,Gamma,ASM,../src/tests/data/imagenes_a_testear/Labyrinth.128x64.bmp,1,27773,27773.0000
normal_unrolling,Gamma,ASM,../src/tests/data/imagenes_a_testear/Labyrinth.128x64.bmp,1,27825,27825.0000
normal_unrolling,Gamma,ASM,../src/tests/data/imagenes_a_testear/Labyrinth.128x64.bmp,1,28781,28781.0000
normal_unrolling,Gamma,ASM,../src/tests/data/imagenes_a_testear/Labyrinth.128x64.bmp,1,27920,27920.0000
normal_unrolling,Gamma,ASM,../src/tests/data/imagenes_a_testear/Labyrinth.128x64.bmp,1,38885,38885.0000
normal_unrolling,Gamma,ASM,../src/tests/data/imagenes_a_testear/Labyrinth.1600x1200.bmp,1,6781812,6781812.0000
normal_unrolling,Gamma,ASM,../src/tests/data/imagenes_a_testear/Labyrinth.1600x1200.bmp,1,7603907,7603907.0000
normal_unrolling,Gamma,ASM,../src/tests/data/imagenes_a_testear/Labyrinth.1600x1200.bmp,1,6757251,6757251.0000
normal_unrolling,Gamma,ASM,../src/tests/data/imagenes_a_testear/Labyrinth.1600x1200.bmp,1,6766443,6766443.0000
normal_unrolling,Gamma,ASM,../src/tests/data/imagenes_a_testear/Labyrinth.1600x1200.bmp,1,8058316,8058316.0000
normal_unrolling,Gamma,ASM,../src/tests/data/imagenes_a_testear/Labyrinth.1600x1200.bmp,1,6756091,6756091.0000
normal_unrolling,Gamma,ASM,../src/tests/data/imagenes_a_testear/Labyrinth.1600x1200.bmp,1,6726074,6726074.0000
normal_unrolling,Gamma,ASM,../src/tests/data/imagenes_a_testear/Labyrinth.1600x1200.bmp,1,6979365,6979365.0000
normal_unrolling,Gamma,ASM,../src/tests/data/imagenes_a_testear/Labyrinth.1600x1200.bmp,1,6893829,6893829.0000
normal_unrolling,Gamma,ASM,../src/tests/data/imagenes_a_testear/Labyrinth.1600x1200.bmp,1,6840836,6840836.0000
normal_unrolling,Gamma,ASM,../src/tests/data/imagenes_a_testear/Labyrinth.1600x1200.bmp,1,6764683,6764683.0000
normal_unrolling,Gamma,ASM,../src/tests/data/imagenes_a_testear/Labyrinth.1600x1200.bmp,1,8943395,8943395.0000
normal_unrolling,Gamma,ASM,../src/tests/data/imagenes_a_testear/Labyrinth.1600x1200.bmp,1,8335640,8335640.0000
normal_unrolling,Gamma,ASM,../src/tests/data/imagenes_a_testear/Labyrinth.1600x1200.bmp,1,6738038,6738038.0000
normal_unrolling,Gamma,ASM,../src/tests/data/imagenes_a_testear/Labyrinth.1600x1200.bmp,1,6785165,6785165.0000
normal_unrolling,Gamma,ASM,../src/tests/data/imagenes_a_testear/Labyrinth.1600x1200.bmp,1,6714706,6714706.0000
normal_unrolling,Gamma,ASM,../src/tests/data/imagenes_a_testear/Labyrinth.1600x1200.bmp,1,6955384,6955384.0000
normal_unrolling,Gamma,ASM,../src/tests/data/imagenes_a_testear/Labyrinth.1600x1200.bmp,1,6740540,6740540.0000
normal_unrolling,Gamma,ASM,../src/tests/data/imagenes_a_testear/Labyrinth.1600x1200.bmp,1,6740389,6740389.0000
normal_unrolling,Gamma,ASM,../src/tests/data/imagenes_a_testear/Labyrinth.1600x1200.bmp,1,6956354,6956354.0000
normal_unrolling,Gamma,ASM,../src/tests/data/imagenes_a_testear/Labyrinth.1600x1200.bmp,1,6605894,6605894.0000
normal_unrolling,Gamma,ASM,../src/tests/data/imagenes_a_testear/Labyrinth.1600x1200.bmp,1,6841158,6841158.0000
normal_unrolling,Gamma,ASM,../src/tests/data/imagenes_a_testear/Labyrinth.1600x1200.bmp,1,6915761,6915761.0000
normal_unrolling,Gamma,ASM,../src/tests/data/imagenes_a_testear/Labyrinth.1600x1200.bmp,1,6746525,6746525.0000
normal_unrolling,Gamma,ASM,../src/tests/data/imagenes_a_testear/Labyrinth.1600x1200.bmp,1,8766983,8766983.0000
normal_unrolling,Gamma,ASM,../src/tests/data/imagenes_a_testear/Labyrinth.1600x1200.bmp,1,6776269,6776269.0000
normal_unrolling,Gamma,ASM,../src/tests/data/imagenes_a_testear/Labyrinth.1600x1200.bmp,1,6730486,6730486.0000
normal_unrolling,Gamma,ASM,../src/tests/data/imagenes_a_testear/Labyrinth.1600x1200.bmp,1,6761819,6761819.0000
normal_unrolling,Gamma,ASM,../src/tests/data/imagenes_a_testear/Labyrinth.1600x1200.bmp,1,6730645,6730645.0000
normal_unrolling,Gamma,ASM,../src/tests/data/imagenes_a_testear/Labyrinth.1600x1200.bmp,1,6846569,6846569.0000
normal_unrolling,Gamma,ASM,../src/tests/data/imagenes_a_testear/Labyrinth.1600x1200.bmp,1,6729456,6729456.0000
normal_unrolling,Gamma,ASM,../src/tests/data/imagenes_a_testear/Labyrinth.1600x1200.bmp,1,6742462,6742462.0000
normal_unrolling,Gamma,ASM,../src/tests/data/imagenes_a_testear/Labyrinth.1600x1200.bmp,1,7251349,7251349.0000
normal_unrolling,Gamma,ASM,../src/tests/data/imagenes_a_testear/Labyrinth.1600x1200.bmp,1,6754874,6754874.0000
normal_unrolling,Gamma,ASM,../src/tests/data/imagenes_a_testear/Labyrinth.1600x1200.bmp,1,6746033,6746033.0000
normal_unrolling,Gamma,ASM,../src/tests/data/imagenes_a_testear/Labyrinth.1600x1200.bmp,1,7041791,7041791.0000
normal_unrolling,Gamma,ASM,../src/tests/data/imagenes_a_testear/Labyrinth.1600x1200.bmp,1,7447549,7447549.0000
normal_unrolling,Gamma,ASM,../src/tests/data/imagenes_a_testear/Labyrinth.1600x1200.bmp,1,6747519,6747519.0000
normal_unrolling,Gamma,ASM,../src/tests/data/imagenes_a_testear/Labyrinth.1600x1200.bmp,1,6746594,6746594.0000
normal_unrolling,Gamma,ASM,../src/tests/data/imagenes_a_testear/Labyrinth.1600x1200.bmp,1,6795423,6795423.0000
normal_unrolling,Gamma,ASM,../src/tests/data/imagenes_a_testear/Labyrinth.1600x1200.bmp,1,9549704,9549704.0000
normal_unrolling,Gamma,ASM,../src/tests/data/imagenes_a_testear/Labyrinth.1600x1200.bmp,1,6716591,6716591.0000
normal_unrolling,Gamma,ASM,../src/tests/data/imagenes_a_testear/Labyrinth.1600x1200.bmp,1,6734831,6734831.0000
normal_unrolling,Gamma,ASM,../src/tests/data/imagenes_a_testear/Labyrinth.1600x1200.bmp,1,6739626,6739626.0000
normal_unrolling,Gamma,ASM,../src/tests/data/imagenes_a_testear/Labyrinth.1600x1200.bmp,1,6774962,6774962.0000
normal_unrolling,Gamma,ASM,../src/tests/data/imagenes_a_testear/Labyrinth.1600x1200.bmp,1,6766522,6766522.0000
normal_unrolling,Gamma,ASM,../src/tests/data/imagenes_a_testear/Labyrinth.1600x1200.bmp,1,6805442,6805442.0000
normal_unrolling,Gamma,ASM,../src/tests/data/imagenes_a_testear/Labyrinth.1600x1200.bmp,1,8763471,8763471.0000
normal_unrolling,Gamma,ASM,../src/tests/data/imagenes_a_testear/Labyrinth.1600x1200.bmp,1,6864568,6864568.0000
normal_unrolling,Gamma,ASM,../src/tests/data/imagenes_a_testear/Labyrinth.1600x1200.bmp,1,6822423,6822423.0000
normal_unrolling,Gamma,ASM,../src/tests/data/imagenes_a_testear/Labyrinth.1600x1200.bmp,1,8775610,8775610.0000
normal_unrolling,Gamma,ASM,../src/tests/data/imagenes_a_testear/Labyrinth.1600x1200.bmp,1,6765223,6765223.0000
normal_unrolling,Gamma,ASM,../src/tests/data/imagenes_a_testear/Labyrinth.1600x1200.bmp,1,7059140,7059140.0000
normal_unrolling,Gamma,ASM,../src/tests/data/imagenes_a_testear/Labyrinth.1600x1200.bmp,1,8836903,8836903.0000
normal_unrolling,Gamma,ASM,../src/tests/data/imagenes_a_testear/Labyrinth.1600x1200.bmp,1,9771473,9771473.0000
normal_unrolling,Gamma,ASM,../src/tests/data/imagenes_a_testear/Labyrinth.1600x1200.bmp,1,6792363,6792363.0000
normal_unrolling,Gamma,ASM,../src/tests/data/imagenes_a_testear/Labyrinth.1600x1200.bmp,1,9224743,9224743.0000
normal_unrolling,Gamma,ASM,../src/tests/data/imagenes_a_testear/Labyrinth.1600x1200.bmp,1,6725731,6725731.0000
normal_unrolling,Gamma,ASM,../src/tests/data/imagenes_a_testear/Labyrinth.1600x1200.bmp,1,7185178,7185178.0000
normal_unrolling,Gamma,ASM,../src/tests/data/imagenes_a_testear/Labyrinth.1600x1200.bmp,1,12286398,12286398.0000
normal_unrolling,Gamma,ASM,../src/tests/data/imagenes_a_testear/Labyrinth.256x128.bmp,1,103296,103296.0000
normal_unrolling,Gamma,ASM,../src/tests/data/imagenes_a_testear/Labyrinth.256x128.bmp,1,108349,108349.0000
normal_unrolling,Gamma,ASM,../src/tests/data/imagenes_a_testear/Labyrinth.256x128.bmp,1,115649,115649.0000
normal_unrolling,Gamma,ASM,../src/tests/data/imagenes_a_testear/Labyrinth.256x128.bmp,1,113980,113980.0000
normal_unrolling,Gamma,ASM,../src/tests/data/imagenes_a_testear/Labyrinth.256x128.bmp,1,158502,158502.0000
normal_unrolling,Gamma,ASM,../src/tests/data/imagenes_a_testear/Labyrinth.256x128.bmp,1,112529,112529.0000
normal_unrolling,Gamma,ASM,../src/tests/data/imagenes_a_testear/Labyrinth.256x128.bmp,1,112840,112840.0000
normal_unrolling,Gamma,ASM,../src/tests/data/imagenes_a_testear/Labyrinth.256x128.bmp,1,137930,137930.0000
normal_unrolling,Gamma,ASM,../src/tests/data/imagenes_a_testear/Labyrinth.256x128.bmp,1,105390,105390.0000
normal_unrolling,Gamma,ASM,../src/tests/data/imagenes_a_testear/Labyrinth.256x128.bmp,1,105457,105457.0000
normal_unrolling,Gamma,ASM,../src/tests/data/imagenes_a_testear/Labyrinth.256x128.bmp,1,107240,107240.0000
normal_unrolling,Gamma,ASM,../src/tests/data/imagenes_a_testear/Labyrinth.256x128.bmp,1,105804,105804.0000
normal_unrolling,Gamma,ASM,../src/tests/data/imagenes_a_testear/Labyrinth.256x128.bmp,1,109978,109978.0000
normal_unrolling,Gamma,ASM,../src/tests/data/imagenes_a_testear/Labyrinth.256x128.bmp,1,105706,105706.0000
normal_unrolling,Gamma,ASM,../src/tests/data/imagenes_a_testear/Labyrinth.256x128.bmp,1,105816,105816.0000
normal_unrolling,Gamma,ASM,../src/tests/data/imagenes_a_testear/Labyrinth.256x128.bmp,1,105472,105472.0000
normal_unrolling,Gamma,ASM,../src/tests/data/imagenes_a_testear/Labyrinth.256x128.bmp,1,105921,105921.0000
normal_unrolling,Gamma,ASM,../src/tests/data/imagenes_a_testear/Labyrinth.256x128.bmp,1,105450,105450.0000
normal_unrolling,Gamma,ASM,../src/tests/data/imagenes_a_testear/Labyrinth.256x128.bmp,1,105636,105636.0000
normal_unrolling,Gamma,ASM,../src/tests/data/imagenes_a_testear/Labyrinth.256x128.bmp,1,105053,105053.0000
normal_unrolling,Gamma,ASM,../src/tests/data/imagenes_a_testear/Labyrinth.256x128.bmp,1,105148,105148.0000
normal_unrolling,Gamma,ASM,../src/tests/data/imagenes_a_testear/Labyrinth.256x128.bmp,1,105185,105185.0000
normal_unrolling,Gamma,ASM,../src/tests/data/imagenes_a_testear/Labyrinth.256x128.bmp,1,106391,106391.0000
normal_unrolling,Gamma,ASM,../src/tests/data/imagenes_a_testear/Labyrinth.256x128.bmp,1,105248,105248.0000
normal_unrolling,Gamma,ASM,../src/tests/data/imagenes_a_testear/Labyrinth.256x128.bmp,1,104982,104982.0000
normal_unrolling,Gamma,ASM,../src/tests/data/imagenes_a_testear/Labyrinth.256x128.bmp,1,105066,105066.0000
normal_unrolling,Gamma,ASM,../src/tests/data/imagenes_a_testear/Labyrinth.256x128.bmp,1,105096,105096.0000
normal_unrolling,Gamma,ASM,../src/tests/data/imagenes_a_testear/Labyrinth.256x128.bmp,1,157573,157573.0000
normal_unrolling,Gamma,ASM,../src/tests/data/imagenes_a_testear/Labyrinth.256x128.bmp,1,106482,106482.0000
normal_unrolling,Gamma,ASM,../src/tests/data/imagenes_a_testear/Labyrinth.256x128.bmp,1,105487,105487.0000
normal_unrolling,Gamma,ASM,../src/tests/data/imagenes_a_testear/Labyrinth.256x128.bmp,1,106963,106963.0000
normal_unrolling,Gamma,ASM,../src/tests/data/imagenes_a_testear/Labyrinth.256x128.bmp,1,110964,110964.0000
normal_unrolling,Gamma,ASM,../src/tests/data/imagenes_a_testear/Labyrinth.256x128.bmp,1,104728,104728.0000
normal_unrolling,Gamma,ASM,../src/tests/data/imagenes_a_testear/Labyrinth.256x128.bmp,1,114564,114564.0000
normal_unrolling,Gamma,ASM,../src/tests/data/imagenes_a_testear/Labyrinth.256x128.bmp,1,138355,138355.0000
normal_unrolling,Gamma,ASM,../src/tests/data/imagenes_a_testear/Labyrinth.256x128.bmp,1,105653,105653.0000
normal_unrolling,Gamma,ASM,../src/tests/data/imagenes_a_testear/Labyrinth.256x128.bmp,1,107358,107358.0000
normal_unrolling,Gamma,ASM,../src/tests/data/imagenes_a_testear/Labyrinth.256x128.bmp,1,109709,109709.0000
normal_unrolling,Gamma,ASM,../src/tests/data/imagenes_a_testear/Labyrinth.256x128.bmp,1,111085,111085.0000
normal_unrolling,Gamma,ASM,../src/tests/data/imagenes_a_testear/Labyrinth.256x128.bmp,1,105167,105167.0000
normal_unrolling,Gamma,ASM,../src/tests/data/imagenes_a_testear/Labyrinth.256x128.bmp,1,121047,121047.0000
normal_unrolling,Gamma,ASM,../src/tests/data/imagenes_a_testear/Labyrinth.256x128.bmp,1,110026,110026.0000
normal_unrolling,Gamma,ASM,../src/tests/data/imagenes_a_testear/Labyrinth.256x128.bmp,1,105100,105100.0000
normal_unrolling,Gamma,ASM,../src/tests/data/imagenes_a_testear/Labyrinth.256x128.bmp,1,107844,107844.0000
normal_unrolling,Gamma,ASM,../src/tests/data/imagenes_a_testear/Labyrinth.256x128.bmp,1,139419,139419.0000
normal_unrolling,Gamma,ASM,../src/tests/data/imagenes_a_testear/Labyrinth.256x128.bmp,1,121126,121126.0000
normal_unrolling,Gamma,ASM,../src/tests/data/imagenes_a_testear/Labyrinth.256x128.bmp,1,107277,107277.0000
normal_unrolling,Gamma,ASM,../src/tests/data/imagenes_a_testear/Labyrinth.256x128.bmp,1,139545,139545.0000
normal_unrolling,Gamma,ASM,../src/tests/data/imagenes_a_testear/Labyrinth.256x128.bmp,1,107460,107460.0000
normal_unrolling,Gamma,ASM,../src/tests/data/imagenes_a_testear/Labyrinth.256x128.bmp,1,106273,106273.0000
normal_unrolling,Gamma,ASM,../src/tests/data/imagenes_a_testear/Labyrinth.256x128.bmp,1,105642,105642.0000
normal_unrolling,Gamma,ASM,../src/tests/data/imagenes_a_testear/Labyrinth.256x128.bmp,1,110781,110781.0000
normal_unrolling,Gamma,ASM,../src/tests/data/imagenes_a_testear/Labyrinth.256x128.bmp,1,106147,106147.0000
normal_unrolling,Gamma,ASM,../src/tests/data/imagenes_a_testear/Labyrinth.256x128.bmp,1,105533,105533.0000
normal_unrolling,Gamma,ASM,../src/tests/data/imagenes_a_testear/Labyrinth.256x128.bmp,1,102904,102904.0000
normal_unrolling,Gamma,ASM,../src/tests/data/imagenes_a_testear/Labyrinth.256x128.bmp,1,105221,105221.0000
normal_unrolling,Gamma,ASM,../src/tests/data/imagenes_a_testear/Labyrinth.256x128.bmp,1,143910,143910.0000
normal_unrolling,Gamma,ASM,../src/tests/data/imagenes_a_testear/Labyrinth.256x128.bmp,1,106966,106966.0000
normal_unrolling,Gamma,ASM,../src/tests/data/imagenes_a_testear/Labyrinth.256x128.bmp,1,108832,108832.0000
normal_unrolling,Gamma,ASM,../src/tests/data/imagenes_a_testear/Labyrinth.256x128.bmp,1,110685,110685.0000
normal_unrolling,Gamma,ASM,../src/tests/data/imagenes_a_testear/Labyrinth.32x16.bmp,1,2154,2154.0000
normal_unrolling,Gamma,ASM,../src/tests/data/imagenes_a_testear/Labyrinth.32x16.bmp,1,1835,1835.0000
normal_unrolling,Gamma,ASM,../src/tests/data/imagenes_a_testear/Labyrinth.32x16.bmp,1,1948,1948.0000
normal_unrolling,Gamma,ASM,../src/tests/data/imagenes_a_testear/Labyrinth.32x16.bmp,1,1843,1843.0000
normal_unrolling,Gamma,ASM,../src/tests/data/imagenes_a_testear/Labyrinth.32x16.bmp,1,1917,1917.0000
normal_unrolling,Gamma,ASM,../src/tests/data/imagenes_a_testear/Labyrinth.32x16.bmp,1,1979,1979.0000
normal_unrolling,Gamma,ASM,../src/tests/data/imagenes_a_testear/Labyrinth.32x16.bmp,1,2771,2771.0000
normal_unrolling,Gamma,ASM,../src/tests/data/imagenes_a_testear/Labyrinth.32x16.bmp,1,1913,1913.0000
normal_unrolling,Gamma,ASM,../src/tests/data/imagenes_a_testear/Labyrinth.32x16.bmp,1,1947,1947.0000
normal_unrolling,Gamma,ASM,../src/tests/data/imagenes_a_testear/Labyrinth.32x16.bmp,1,1901,1901.0000
normal_unrolling,Gamma,ASM,../src/tests/data/imagenes_a_testear/Labyrinth.32x16.bmp,1,1885,1885.0000
normal_unrolling,Gamma,ASM,../src/tests/data/imagenes_a_testear/Labyrinth.32x16.bmp,1,1883,1883.0000
normal_unrolling,Gamma,ASM,../src/tests/data/imagenes_a_testear/Labyrinth.32x16.bmp,1,1929,1929.0000
normal_unrolling,Gamma,ASM,../src/tests/data/imagenes_a_testear/Labyrinth.32x16.bmp,1,1907,1907.0000
normal_unrolling,Gamma,ASM,../src/tests/data/imagenes_a_testear/Labyrinth.32x16.bmp,1,1905,1905.0000
normal_unrolling,Gamma,ASM,../src/tests/data/imagenes_a_testear/Labyrinth.32x16.bmp,1,1887,1887.0000
normal_unrolling,Gamma,ASM,../src/tests/data/imagenes_a_testear/Labyrinth.32x16.bmp,1,1847,1847.0000
normal_unrolling,Gamma,ASM,../src/tests/data/imagenes_a_testear/Labyrinth.32x16.bmp,1,2541,2541.0000
normal_unrolling,Gamma,ASM,../src/tests/data/imagenes_a_testear/Labyrinth.32x16.bmp,1,1931,1931.0000
normal_unrolling,Gamma,ASM,../src/tests/data/imagenes_a_testear/Labyrinth.32x16.bmp,1,1893,1893.0000
normal_unrolling,Gamma,ASM,../src/tests/data/imagenes_a_testear/Labyrinth.32x16.bmp,1,2108,2108.0000
normal_unrolling,Gamma,ASM,../src/tests/data/imagenes_a_testear/Labyrinth.32x16.bmp,1,1894,1894.0000
normal_unrolling,Gamma,ASM,../src/tests/data/imagenes_a_testear/Labyrinth.32x16.bmp,1,1882,1882.0000
normal_unrolling,Gamma,ASM,../src/tests/data/imagenes_a_testear/Labyrinth.32x16.bmp,1,1937,1937.0000
normal_unrolling,Gamma,ASM,../src/tests/data/imagenes_a_testear/Labyrinth.32x16.bmp,1,1949,1949.0000
normal_unrolling,Gamma,ASM,../src/tests/data/imagenes_a_testear/Labyrinth.32x16.bmp,1,1884,1884.0000
normal_unrolling,Gamma,ASM,../src/tests/data/imagenes_a_testear/Labyrinth.32x16.bmp,1,1880,1880.0000
normal_unrolling,Gamma,ASM,../src/tests/data/imagenes_a_testear/Labyrinth.32x16.bmp,1,1937,1937.0000
normal_unrolling,Gamma,ASM,../src/tests/data/imagenes_a_testear/Labyrinth.32x16.bmp,1,1894,1894.0000
normal_unrolling,Gamma,ASM,../src/tests/data/imagenes_a_testear/Labyrinth.32x16.bmp,1,1945,1945.0000
normal_unrolling,Gamma,ASM,../src/tests/data/imagenes_a_testear/Labyrinth.32x16.bmp,1,1923,1923.0000
normal_unrolling,Gamma,ASM,../src/tests/data/imagenes_a_testear/Labyrinth.32x16.bmp,1,1923,1923.0000
normal_unrolling,Gamma,ASM,../src/tests/data/imagenes_a_testear/Labyrinth.32x16.bmp,1,1873,1873.0000
normal_unrolling,Gamma,ASM,../src/tests/data/imagenes_a_testear/Labyrinth.32x16.bmp,1,1862,1862.0000
normal_unrolling,Gamma,ASM,../src/tests/data/imagenes_a_testear/Labyrinth.32x16.bmp,1,2719,2719.0000
normal_unrolling,Gamma,ASM,../src/tests/data/imagenes_a_testear/Labyrinth.32x16.bmp,1,1955,1955.0000
normal_unrolling,Gamma,ASM,../src/tests/data/imagenes_a_testear/Labyrinth.32x16.bmp,1,1915,1915.0000
normal_unrolling,Gamma,ASM,../src/tests/data/imagenes_a_testear/Labyrinth.32x16.bmp,1,1927,1927.0000
normal_unrolling,Gamma,ASM,../src/tests/data/imagenes_a_testear/Labyrinth.32x16.bmp,1,1801,1801.0000
normal_unrolling,Gamma,ASM,../src/tests/data/imagenes_a_testear/Labyrinth.32x16.bmp,1,1881,1881.0000
normal_unrolling,Gamma,ASM,../src/tests/data/imagenes_a_testear/Labyrinth.32x16.bmp,1,1903,1903.0000
normal_unrolling,Gamma,ASM,../src/tests/data/imagenes_a_testear/Labyrinth.32x16.bmp,1,1899,1899.0000
normal_unrolling,Gamma,ASM,../src/tests/data/imagenes_a_testear/Labyrinth.32x16.bmp,1,1947,1947.0000
normal_unrolling,Gamma,ASM,../src/tests/data/imagenes_a_testear/Labyrinth.32x16.bmp,1,1927,1927.0000
normal_unrolling,Gamma,ASM,../src/tests/data/imagenes_a_testear/Labyrinth.32x16.bmp,1,1985,1985.0000
normal_unrolling,Gamma,ASM,../src/tests/data/imagenes_a_testear/Labyrinth.32x16.bmp,1,1912,1912.0000
normal_unrolling,Gamma,ASM,../src/tests/data/imagenes_a_testear/Labyrinth.32x16.bmp,1,1893,1893.0000
normal_unrolling,Gamma,ASM,../src/tests/data/imagenes_a_testear/Labyrinth.32x16.bmp,1,1889,1889.0000
normal_unrolling,Gamma,ASM,../src/tests/data/imagenes_a_testear/Labyrinth.32x16.bmp,1,1947,1947.0000
normal_unrolling,Gamma,ASM,../src/tests/data/imagenes_a_testear/Labyrinth.32x16.bmp,1,1848,1848.0000
normal_unrolling,Gamma,ASM,../src/tests/data/imagenes_a_testear/Labyrinth.32x16.bmp,1,1902,1902.0000
normal_unrolling,Gamma,ASM,../src/tests/data/imagenes_a_testear/Labyrinth.32x16.bmp,1,1939,1939.0000
normal_unrolling,Gamma,ASM,../src/tests/data/imagenes_a_testear/Labyrinth.32x16.bmp,1,1901,1901.0000
normal_unrolling,Gamma,ASM,../src/tests/data/imagenes_a_testear/Labyrinth.32x16.bmp,1,1907,1907.0000
normal_unrolling,Gamma,ASM,../src/tests/data/imagenes_a_testear/Labyrinth.32x16.bmp,1,1899,1899.0000
normal_unrolling,Gamma,ASM,../src/tests/data/imagenes_a_testear/Labyrinth.32x16.bmp,1,1908,1908.0000
normal_unrolling,Gamma,ASM,../src/tests/data/imagenes_a_testear/Labyrinth.32x16.bmp,1,1931,1931.0000
normal_unrolling,Gamma,ASM,../src/tests/data/imagenes_a_testear/Labyrinth.32x16.bmp,1,1941,1941.0000
normal_unrolling,Gamma,ASM,../src/tests/data/imagenes_a_testear/Labyrinth.32x16.bmp,1,1870,1870.0000
normal_unrolling,Gamma,ASM,../src/tests/data/imagenes_a_testear/Labyrinth.32x16.bmp,1,1957,1957.0000
normal_unrolling,Gamma,ASM,../src/tests/data/imagenes_a_testear/Labyrinth.400x300.bmp,1,429725,429725.0000
normal_unrolling,Gamma,ASM,../src/tests/data/imagenes_a_testear/Labyrinth.400x300.bmp,1,411015,411015.0000
normal_unrolling,Gamma,ASM,../src/tests/data/imagenes_a_testear/Labyrinth.400x300.bmp,1,398877,398877.0000
normal_unrolling,Gamma,ASM,../src/tests/data/imagenes_a_testear/Labyrinth.400x300.bmp,1,411431,411431.0000
normal_unrolling,Gamma,ASM,../src/tests/data/imagenes_a_testear/Labyrinth.400x300.bmp,1,410840,410840.0000
normal_unrolling,Gamma,ASM,../src/tests/data/imagenes_a_testear/Labyrinth.400x300.bmp,1,588950,588950.0000
normal_unrolling,Gamma,ASM,../src/tests/data/imagenes_a_testear/Labyrinth.400x300.bmp,1,416546,416546.0000
normal_unrolling,Gamma,ASM,../src/tests/data/imagenes_a_testear/Labyrinth.400x300.bmp,1,407796,407796.0000
normal_unrolling,Gamma,ASM,../src/tests/data/imagenes_a_testear/Labyrinth.400x300.bmp,1,427330,427330.0000
normal_unrolling,Gamma,ASM,../src/tests/data/imagenes_a_testear/Labyrinth.400x300.bmp,1,410956,410956.0000
normal_unrolling,Gamma,ASM,../src/tests/data/imagenes_a_testear/Labyrinth.400x300.bmp,1,415933,415933.0000
normal_unrolling,Gamma,ASM,../src/tests/data/imagenes_a_testear/Labyrinth.400x300.bmp,1,554762,554762.0000
normal_unrolling,Gamma,ASM,../src/tests/data/imagenes_a_testear/Labyrinth.400x300.bmp,1,408062,408062.0000
normal_unrolling,Gamma,ASM,../src/tests/data/imagenes_a_testear/Labyrinth.400x300.bmp,1,417651,417651.0000
normal_unrolling,Gamma,ASM,../src/tests/data/imagenes_a_testear/Labyrinth.400x300.bmp,1,542344,542344.0000
normal_unrolling,Gamma,ASM,../src/tests/data/imagenes_a_testear/Labyrinth.400x300.bmp,1,417645,417645.0000
normal_unrolling,Gamma,ASM,../src/tests/data/imagenes_a_testear/Labyrinth.400x300.bmp,1,442213,442213.0000
normal_unrolling,Gamma,ASM,../src/tests/data/imagenes_a_testear/Labyrinth.400x300.bmp,1,418242,418242.0000
normal_unrolling,Gamma,ASM,../src/tests/data/imagenes_a_testear/Labyrinth.400x300.bmp,1,418958,418958.0000
normal_unrolling,Gamma,ASM,../src/tests/data/imagenes_a_testear/Labyrinth.400x300.bmp,1,420148,420148.0000
normal_unrolling,Gamma,ASM,../src/tests/data/imagenes_a_testear/Labyrinth.400x300.bmp,1,404864,404864.0000
normal_unrolling,Gamma,ASM,../src/tests/data/imagenes_a_testear/Labyrinth.400x300.bmp,1,405835,405835.0000
normal_unrolling,Gamma,ASM,../src/tests/data/imagenes_a_testear/Labyrinth.400x300.bmp,1,406161,406161.0000
normal_unrolling,Gamma,ASM,../src/tests/data/imagenes_a_testear/Labyrinth.400x300.bmp,1,437512,437512.0000
normal_unrolling,Gamma,ASM,../src/tests/data/imagenes_a_testear/Labyrinth.400x300.bmp,1,462700,462700.0000
normal_unrolling,Gamma,ASM,../src/tests/data/imagenes_a_testear/Labyrinth.400x300.bmp,1,422143,422143.0000
normal_unrolling,Gamma,ASM,../src/tests/data/imagenes_a_testear/Labyrinth.400x300.bmp,1,418960,418960.0000
normal_unrolling,Gamma,ASM,../src/tests/data/imagenes_a_testear/Labyrinth.400x300.bmp,1,409856,409856.0000
normal_unrolling,Gamma,ASM,../src/tests/data/imagenes_a_testear/Labyrinth.400x300.bmp,1,414002,414002.0000
normal_unrolling,Gamma,ASM,../src/tests/data/imagenes_a_testear/Labyrinth.400x300.bmp,1,450136,450136.0000
normal_unrolling,Gamma,ASM,../src/tests/data/imagenes_a_testear/Labyrinth.400x300.bmp,1,412720,412720.0000
normal_unrolling,Gamma,ASM,../src/tests/data/imagenes_a_testear/Labyrinth.400x300.bmp,1,401941,401941.0000
normal_unrolling,Gamma,ASM,../src/tests/data/imagenes_a_testear/Labyrinth.400x300.bmp,1,410499,410499.0000
normal_unrolling,Gamma,ASM,../src/tests/data/imagenes_a_testear/Labyrinth.400x300.bmp,1,414054,414054.0000
normal_unrolling,Gamma,ASM,../src/tests/data/imagenes_a_testear/Labyrinth.400x300.bmp,1,404970,404970.0000
normal_unrolling,Gamma,ASM,../src/tests/data/imagenes_a_testear/Labyrinth.400x300.bmp,1,399010,399010.0000
normal_unrolling,Gamma,ASM,../src/tests/data/imagenes_a_testear/Labyrinth.400x300.bmp,1,402389,402389.0000
normal_unrolling,Gamma,ASM,../src/tests/data/imagenes_a_testear/Labyrinth.400x300.bmp,1,439956,439956.0000
normal_unrolling,Gamma,ASM,../src/tests/data/imagenes_a_testear/Labyrinth.400x300.bmp,1,481566,481566.0000
normal_unrolling,Gamma,ASM,../src/tests/data/imagenes_a_testear/Labyrinth.400x300.bmp,1,407937,407937.0000
normal_unrolling,Gamma,ASM,../src/tests/data/imagenes_a_testear/Labyrinth.400x300.bmp,1,394477,394477.0000
normal_unrolling,Gamma,ASM,../src/tests/data/imagenes_a_testear/Labyrinth.400x300.bmp,1,404962,404962.0000
normal_unrolling,Gamma,ASM,../src/tests/data/imagenes_a_testear/Labyrinth.400x300.bmp,1,405356,405356.0000
normal_unrolling,Gamma,ASM,../src/tests/data/imagenes_a_testear/Labyrinth.400x300.bmp,1,662465,662465.0000
normal_unrolling,Gamma,ASM,../src/tests/data/imagenes_a_testear/Labyrinth.400x300.bmp,1,413905,413905.0000
normal_unrolling,Gamma,ASM,../src/tests/data/imagenes_a_testear/Labyrinth.400x300.bmp,1,398111,398111.0000
normal_unrolling,Gamma,ASM,../src/tests/data/imagenes_a_testear/Labyrinth.400x300.bmp,1,394466,394466.0000
normal_unrolling,Gamma,ASM,../src/tests/data/imagenes_a_testear/Labyrinth.400x300.bmp,1,409856,409856.0000
normal_unrolling,Gamma,ASM,../src/tests/data/imagenes_a_testear/Labyrinth.400x300.bmp,1,406431,406431.0000
normal_unrolling,Gamma,ASM,../src/tests/data/imagenes_a_testear/Labyrinth.400x300.bmp,1,407140,407140.0000
normal_unrolling,Gamma,ASM,../src/tests/data/imagenes_a_testear/Labyrinth.400x300.bmp,1,409154,409154.0000
normal_unrolling,Gamma,ASM,../src/tests/data/imagenes_a_testear/Labyrinth.400x300.bmp,1,409193,409193.0000
normal_unrolling,Gamma,ASM,../src/tests/data/imagenes_a_testear/Labyrinth.400x300.bmp,1,401466,401466.0000
normal_unrolling,Gamma,ASM,../src/tests/data/imagenes_a_testear/Labyrinth.400x300.bmp,1,587437,587437.0000
normal_unrolling,Gamma,ASM,../src/tests/data/imagenes_a_testear/Labyrinth.400x300.bmp,1,419093,419093.0000
normal_unrolling,Gamma,ASM,../src/tests/data/imagenes_a_testear/Labyrinth.400x300.bmp,1,408193,408193.0000
normal_unrolling,Gamma,ASM,../src/tests/data/imagenes_a_testear/Labyrinth.400x300.bmp,1,577244,577244.0000
normal_unrolling,Gamma,ASM,../src/tests/data/imagenes_a_testear/Labyrinth.400x300.bmp,1,417677,417677.0000
normal_unrolling,Gamma,ASM,../src/tests/data/imagenes_a_testear/Labyrinth.400x300.bmp,1,428829,428829.0000
normal_unrolling,Gamma,ASM,../src/tests/data/imagenes_a_testear/Labyrinth.400x300.bmp,1,489686,489686.0000
normal_unrolling,Gamma,ASM,../src/tests/data/imagenes_a_testear/Labyrinth.512x256.bmp,1,450331,450331.0000
normal_unrolling,Gamma,ASM,../src/tests/data/imagenes_a_testear/Labyrinth.512x256.bmp,1,456110,456110.0000
normal_unrolling,Gamma,ASM,../src/tests/data/imagenes_a_testear/Labyrinth.512x256.bmp,1,631036,631036.0000
normal_unrolling,Gamma,ASM,../src/tests/data/imagenes_a_testear/Labyrinth.512x256.bmp,1,452781,452781.0000
normal_unrolling,Gamma,ASM,../src/tests/data/imagenes_a_testear/Labyrinth.512x256.bmp,1,458129,458129.0000
normal_unrolling,Gamma,ASM,../src/tests/data/imagenes_a_testear/Labyrinth.512x256.bmp,1,452554,452554.0000
normal_unrolling,Gamma,ASM,../src/tests/data/imagenes_a_testear/Labyrinth.512x256.bmp,1,456875,456875.0000
normal_unrolling,Gamma,ASM,../src/tests/data/imagenes_a_testear/Labyrinth.512x256.bmp,1,459683,459683.0000
normal_unrolling,Gamma,ASM,../src/tests/data/imagenes_a_testear/Labyrinth.512x256.bmp,1,504328,504328.0000
normal_unrolling,Gamma,ASM,../src/tests/data/imagenes_a_testear/Labyrinth.512x256.bmp,1,459414,459414.0000
normal_unrolling,Gamma,ASM,../src/tests/data/imagenes_a_testear/Labyrinth.512x256.bmp,1,629469,629469.0000
normal_unrolling,Gamma,ASM,../src/tests/data/imagenes_a_testear/Labyrinth.512x256.bmp,1,454680,454680.0000
normal_unrolling,Gamma,ASM,../src/tests/data/imagenes_a_testear/Labyrinth.512x256.bmp,1,454010,454010.0000
normal_unrolling,Gamma,ASM,../src/tests/data/imagenes_a_testear/Labyrinth.512x256.bmp,1,486367,486367.0000
normal_unrolling,Gamma,ASM,../src/tests/data/imagenes_a_testear/Labyrinth.512x256.bmp,1,442847,442847.0000
normal_unrolling,Gamma,ASM,../src/tests/data/imagenes_a_testear/Labyrinth.512x256.bmp,1,454282,454282.0000
normal_unrolling,Gamma,ASM,../src/tests/data/imagenes_a_testear/Labyrinth.512x256.bmp,1,455597,455597.0000
normal_unrolling,Gamma,ASM,../src/tests/data/imagenes_a_testear/Labyrinth.512x256.bmp,1,441996,441996.0000
normal_unrolling,Gamma,ASM,../src/tests/data/imagenes_a_testear/Labyrinth.512x256.bmp,1,456693,456693.0000
normal_unrolling,Gamma,ASM,../src/tests/data/imagenes_a_testear/Labyrinth.512x256.bmp,1,441499,441499.0000
normal_unrolling,Gamma,ASM,../src/tests/data/imagenes_a_testear/Labyrinth.512x256.bmp,1,438198,438198.0000
normal_unrolling,Gamma,ASM,../src/tests/data/imagenes_a_testear/Labyrinth.512x256.bmp,1,450751,450751.0000
normal_unrolling,Gamma,ASM,../src/tests/data/imagenes_a_testear/Labyrinth.512x256.bmp,1,450082,450082.0000
normal_unrolling,Gamma,ASM,../src/tests/data/imagenes_a_testear/Labyrinth.512x256.bmp,1,441189,441189.0000
normal_unrolling,Gamma,ASM,../src/tests/data/imagenes_a_testear/Labyrinth.512x256.bmp,1,462565,462565.0000
normal_unrolling,Gamma,ASM,../src/tests/data/imagenes_a_testear/Labyrinth.512x256.bmp,1,455377,455377.0000
normal_unrolling,Gamma,ASM,../src/tests/data/imagenes_a_testear/Labyrinth.512x256.bmp,1,1774555,1774555.0000
normal_unrolling,Gamma,ASM,../src/tests/data/imagenes_a_testear/Labyrinth.512x256.bmp,1,626363,626363.0000
normal_unrolling,Gamma,ASM,../src/tests/data/imagenes_a_testear/Labyrinth.512x256.bmp,1,689152,689152.0000
normal_unrolling,Gamma,ASM,../src/tests/data/imagenes_a_testear/Labyrinth.512x256.bmp,1,673525,673525.0000
normal_unrolling,Gamma,ASM,../src/tests/data/imagenes_a_testear/Labyrinth.512x256.bmp,1,454566,454566.0000
normal_unrolling,Gamma,ASM,../src/tests/data/imagenes_a_testear/Labyrinth.512x256.bmp,1,595467,595467.0000
normal_unrolling,Gamma,ASM,../src/tests/data/imagenes_a_testear/Labyrinth.512x256.bmp,1,458186,458186.0000
normal_unrolling,Gamma,ASM,../src/tests/data/imagenes_a_testear/Labyrinth.512x256.bmp,1,449770,449770.0000
normal_unrolling,Gamma,ASM,../src/tests/data/imagenes_a_testear/Labyrinth.512x256.bmp,1,448501,448501.0000
normal_unrolling,Gamma,ASM,../src/tests/data/imagenes_a_testear/Labyrinth.512x256.bmp,1,510616,510616.0000
normal_unrolling,Gamma,ASM,../src/tests/data/imagenes_a_testear/Labyrinth.512x256.bmp,1,436617,436617.0000
normal_unrolling,Gamma,ASM,../src/tests/data/imagenes_a_testear/Labyrinth.512x256.bmp,1,441268,441268.0000
normal_unrolling,Gamma,ASM,../src/tests/data/imagenes_a_testear/Labyrinth.512x256.bmp,1,431271,431271.0000
normal_unrolling,Gamma,ASM,../src/tests/data/imagenes_a_testear/Labyrinth.512x256.bmp,1,452786,452786.0000
normal_unrolling,Gamma,ASM,../src/tests/data/imagenes_a_testear/Labyrinth.512x256.bmp,1,445932,445932.0000
normal_unrolling,Gamma,ASM,../src/tests/data/imagenes_a_testear/Labyrinth.512x256.bmp,1,449780,449780.0000
normal_unrolling,Gamma,ASM,../src/tests/data/imagenes_a_testear/Labyrinth.512x256.bmp,1,447445,447445.0000
normal_unrolling,Gamma,ASM,../src/tests/data/imagenes_a_testear/Labyrinth.512x256.bmp,1,459970,459970.0000
normal_unrolling,Gamma,ASM,../src/tests/data/imagenes_a_testear/Labyrinth.512x256.bmp,1,569637,569637.0000
normal_unrolling,Gamma,ASM,../src/tests/data/imagenes_a_testear/Labyrinth.512x256.bmp,1,460099,460099.0000
normal_unrolling,Gamma,ASM,../src/tests/data/imagenes_a_testear/Labyrinth.512x256.bmp,1,607348,607348.0000
normal_unrolling,Gamma,ASM,../src/tests/data/imagenes_a_testear/Labyrinth.512x256.bmp,1,897607,897607.0000
normal_unrolling,Gamma,ASM,../src/tests/data/imagenes_a_testear/Labyrinth.512x256.bmp,1,512162,512162.0000
normal_unrolling,Gamma,ASM,../src/tests/data/imagenes_a_testear/Labyrinth.512x256.bmp,1,454561,454561.0000
normal_unrolling,Gamma,ASM,../src/tests/data/imagenes_a_testear/Labyrinth.512x256.bmp,1,730128,730128.0000
normal_unrolling,Gamma,ASM,../src/tests/data/imagenes_a_testear/Labyrinth.512x256.bmp,1,588954,588954.0000
normal_unrolling,Gamma,ASM,../src/tests/data/imagenes_a_testear/Labyrinth.512x256.bmp,1,450168,450168.0000
normal_unrolling,Gamma,ASM,../src/tests/data/imagenes_a_testear/Labyrinth.512x256.bmp,1,465337,465337.0000
normal_unrolling,Gamma,ASM,../src/tests/data/imagenes_a_testear/Labyrinth.512x256.bmp,1,450556,450556.0000
normal_unrolling,Gamma,ASM,../src/tests/data/imagenes_a_testear/Labyrinth.512x256.bmp,1,443669,443669.0000
normal_unrolling,Gamma,ASM,../src/tests/data/imagenes_a_testear/Labyrinth.512x256.bmp,1,455353,455353.0000
normal_unrolling,Gamma,ASM,../src/tests/data/imagenes_a_testear/Labyrinth.512x256.bmp,1,472140,472140.0000
normal_unrolling,Gamma,ASM,../src/tests/data/imagenes_a_testear/Labyrinth.512x256.bmp,1,459095,459095.0000
normal_unrolling,Gamma,ASM,../src/tests/data/imagenes_a_testear/Labyrinth.512x256.bmp,1,453538,453538.0000
normal_unrolling,Gamma,ASM,../src/tests/data/imagenes_a_testear/Labyrinth.64x32.bmp,1,10339,10339.0000
normal_unrolling,Gamma,ASM,../src/tests/data/imagenes_a_testear/Labyrinth.64x32.bmp,1,6980,6980.0000
normal_unrolling,Gamma,ASM,../src/tests/data/imagenes_a_testear/Labyrinth.64x32.bmp,1,6787,6787.0000
normal_unrolling,Gamma,ASM,../src/tests/data/imagenes_a_testear/Labyrinth.64x32.bmp,1,6686,6686.0000
normal_unrolling,Gamma,ASM,../src/tests/data/imagenes_a_testear/Labyrinth.64x32.bmp,1,7105,7105.0000
normal_unrolling,Gamma,ASM,../src/tests/data/imagenes_a_testear/Labyrinth.64x32.bmp,1,11035,11035.0000
normal_unrolling,Gamma,ASM,../src/tests/data/imagenes_a_testear/Labyrinth.64x32.bmp,1,6911,6911.0000
normal_unrolling,Gamma,ASM,../src/tests/data/imagenes_a_testear/Labyrinth.64x32.bmp,1,6869,6869.0000
normal_unrolling,Gamma,ASM,../src/tests/data/imagenes_a_testear/Labyrinth.64x32.bmp,1,6909,6909.0000
normal_unrolling,Gamma,ASM,../src/tests/data/imagenes_a_testear/Labyrinth.64x32.bmp,1,6706,6706.0000
normal_unrolling,Gamma,ASM,../src/tests/data/imagenes_a_testear/Labyrinth.64x32.bmp,1,6837,6837.0000
normal_unrolling,Gamma,ASM,../src/tests/data/imagenes_a_testear/Labyrinth.64x32.bmp,1,6859,6859.0000
normal_unrolling,Gamma,ASM,../src/tests/data/imagenes_a_testear/Labyrinth.64x32.bmp,1,6876,6876.0000
normal_unrolling,Gamma,ASM,../src/tests/data/imagenes_a_testear/Labyrinth.64x32.bmp,1,6805,6805.0000
normal_unrolling,Gamma,ASM,../src/tests/data/imagenes_a_testear/Labyrinth.64x32.bmp,1,6837,6837.0000
normal_unrolling,Gamma,ASM,../src/tests/data/imagenes_a_testear/Labyrinth.64x32.bmp,1,6964,6964.0000
normal_unrolling,Gamma,ASM,../src/tests/data/imagenes_a_testear/Labyrinth.64x32.bmp,1,6933,6933.0000
normal_unrolling,Gamma,ASM,../src/tests/data/imagenes_a_testear/Labyrinth.64x32.bmp,1,6905,6905.0000
normal_unrolling,Gamma,ASM,../src/tests/data/imagenes_a_testear/Labyrinth.64x32.bmp,1,6909,6909.0000
normal_unrolling,Gamma,ASM,../src/tests/data/imagenes_a_testear/Labyrinth.64x32.bmp,1,6937,6937.0000
normal_unrolling,Gamma,ASM,../src/tests/data/imagenes_a_testear/Labyrinth.64x32.bmp,1,6849,6849.0000
normal_unrolling,Gamma,ASM,../src/tests/data/imagenes_a_testear/Labyrinth.64x32.bmp,1,9698,9698.0000
normal_unrolling,Gamma,ASM,../src/tests/data/imagenes_a_testear/Labyrinth.64x32.bmp,1,6814,6814.0000
normal_unrolling,Gamma,ASM,../src/tests/data/imagenes_a_testear/Labyrinth.64x32.bmp,1,6902,6902.0000
normal_unrolling,Gamma,ASM,../src/tests/data/imagenes_a_testear/Labyrinth.64x32.bmp,1,6890,6890.0000
normal_unrolling,Gamma,ASM,../src/tests/data/imagenes_a_testear/Labyrinth.64x32.bmp,1,6877,6877.0000
normal_unrolling,Gamma,ASM,../src/tests/data/imagenes_a_testear/Labyrinth.64x32.bmp,1,6725,6725.0000
normal_unrolling,Gamma,ASM,../src/tests/data/imagenes_a_testear/Labyrinth.64x32.bmp,1,6882,6882.0000
normal_unrolling,Gamma,ASM,../src/tests/data/imagenes_a_testear/Labyrinth.64x32.bmp,1,6883,6883.0000
normal_unrolling,Gamma,ASM,../src/tests/data/imagenes_a_testear/Labyrinth.64x32.bmp,1,6806,6806.0000
normal_unrolling,Gamma,ASM,../src/tests/data/imagenes_a_testear/Labyrinth.64x32.bmp,1,6917,6917.0000
normal_unrolling,Gamma,ASM,../src/tests/data/imagenes_a_testear/Labyrinth.64x32.bmp,1,6853,6853.0000
normal_unrolling,Gamma,ASM,../src/tests/data/imagenes_a_testear/Labyrinth.64x32.bmp,1,6797,6797.0000
normal_unrolling,Gamma,ASM,../src/tests/data/imagenes_a_testear/Labyrinth.64x32.bmp,1,6827,6827.0000
normal_unrolling,Gamma,ASM,../src/tests/data/imagenes_a_testear/Labyrinth.64x32.bmp,1,6924,6924.0000
normal_unrolling,Gamma,ASM,../src/tests/data/imagenes_a_testear/Labyrinth.64x32.bmp,1,6833,6833.0000
normal_unrolling,Gamma,ASM,../src/tests/data/imagenes_a_testear/Labyrinth.64x32.bmp,1,6851,6851.0000
normal_unrolling,Gamma,ASM,../src/tests/data/imagenes_a_testear/Labyrinth.64x32.bmp,1,6901,6901.0000
normal_unrolling,Gamma,ASM,../src/tests/data/imagenes_a_testear/Labyrinth.64x32.bmp,1,6768,6768.0000
normal_unrolling,Gamma,ASM,../src/tests/data/imagenes_a_testear/Labyrinth.64x32.bmp,1,6689,6689.0000
normal_unrolling,Gamma,ASM,../src/tests/data/imagenes_a_testear/Labyrinth.64x32.bmp,1,6757,6757.0000
normal_unrolling,Gamma,ASM,../src/tests/data/imagenes_a_testear/Labyrinth.64x32.bmp,1,6908,6908.0000
normal_unrolling,Gamma,ASM,../src/tests/data/imagenes_a_testear/Labyrinth.64x32.bmp,1,119626,119626.0000
normal_unrolling,Gamma,ASM,../src/tests/data/imagenes_a_testear/Labyrinth.64x32.bmp,1,10538,10538.0000
normal_unrolling,Gamma,ASM,../src/tests/data/imagenes_a_testear/Labyrinth.64x32.bmp,1,6853,6853.0000
normal_unrolling,Gamma,ASM,../src/tests/data/imagenes_a_testear/Labyrinth.64x32.bmp,1,6889,6889.0000
normal_unrolling,Gamma,ASM,../src/tests/data/imagenes_a_testear/Labyrinth.64x32.bmp,1,6774,6774.0000
normal_unrolling,Gamma,ASM,../src/tests/data/imagenes_a_testear/Labyrinth.64x32.bmp,1,6841,6841.0000
normal_unrolling,Gamma,ASM,../src/tests/data/imagenes_a_testear/Labyrinth.64x32.bmp,1,6845,6845.0000
normal_unrolling,Gamma,ASM,../src/tests/data/imagenes_a_testear/Labyrinth.64x32.bmp,1,6885,6885.0000
normal_unrolling,Gamma,ASM,../src/tests/data/imagenes_a_testear/Labyrinth.64x32.bmp,1,6982,6982.0000
normal_unrolling,Gamma,ASM,../src/tests/data/imagenes_a_testear/Labyrinth.64x32.bmp,1,6815,6815.0000
normal_unrolling,Gamma,ASM,../src/tests/data/imagenes_a_testear/Labyrinth.64x32.bmp,1,7004,7004.0000
normal_unrolling,Gamma,ASM,../src/tests/data/imagenes_a_testear/Labyrinth.64x32.bmp,1,6905,6905.0000
normal_unrolling,Gamma,ASM,../src/tests/data/imagenes_a_testear/Labyrinth.64x32.bmp,1,6970,6970.0000
normal_unrolling,Gamma,ASM,../src/tests/data/imagenes_a_testear/Labyrinth.64x32.bmp,1,7052,7052.0000
normal_unrolling,Gamma,ASM,../src/tests/data/imagenes_a_testear/Labyrinth.64x32.bmp,1,7004,7004.0000
normal_unrolling,Gamma,ASM,../src/tests/data/imagenes_a_testear/Labyrinth.64x32.bmp,1,6890,6890.0000
normal_unrolling,Gamma,ASM,../src/tests/data/imagenes_a_testear/Labyrinth.64x32.bmp,1,6868,6868.0000
normal_unrolling,Gamma,ASM,../src/tests/data/imagenes_a_testear/Labyrinth.64x32.bmp,1,6819,6819.0000
normal_unrolling,Gamma,ASM,../src/tests/data/imagenes_a_testear/Labyrinth.800x600.bmp,1,1915801,1915801.0000
normal_unrolling,Gamma,ASM,../src/tests/data/imagenes_a_testear/Labyrinth.800x600.bmp,1,1732253,1732253.0000
normal_unrolling,Gamma,ASM,../src/tests/data/imagenes_a_testear/Labyrinth.800x600.bmp,1,1684287,1684287.0000
normal_unrolling,Gamma,ASM,../src/tests/data/imagenes_a_testear/Labyrinth.800x600.bmp,1,1684415,1684415.0000
normal_unrolling,Gamma,ASM,../src/tests/data/imagenes_a_testear/Labyrinth.800x600.bmp,1,1706890,1706890.0000
normal_unrolling,Gamma,ASM,../src/tests/data/imagenes_a_testear/Labyrinth.800x600.bmp,1,1709644,1709644.0000
normal_unrolling,Gamma,ASM,../src/tests/data/imagenes_a_testear/Labyrinth.800x600.bmp,1,1681034,1681034.0000
normal_unrolling,Gamma,ASM,../src/tests/data/imagenes_a_testear/Labyrinth.800x600.bmp,1,2032975,2032975.0000
normal_unrolling,Gamma,ASM,../src/tests/data/imagenes_a_testear/Labyrinth.800x600.bmp,1,1898192,1898192.0000
normal_unrolling,Gamma,ASM,../src/tests/data/imagenes_a_testear/Labyrinth.800x600.bmp,1,2827620,2827620.0000
normal_unrolling,Gamma,ASM,../src/tests/data/imagenes_a_testear/Labyrinth.800x600.bmp,1,1678622,1678622.0000
normal_unrolling,Gamma,ASM,../src/tests/data/imagenes_a_testear/Labyrinth.800x600.bmp,1,1709179,1709179.0000
normal_unrolling,Gamma,ASM,../src/tests/data/imagenes_a_testear/Labyrinth.800x600.bmp,1,1678890,1678890.0000
normal_unrolling,Gamma,ASM,../src/tests/data/imagenes_a_testear/Labyrinth.800x600.bmp,1,1669341,1669341.0000
normal_unrolling,Gamma,ASM,../src/tests/data/imagenes_a_testear/Labyrinth.800x600.bmp,1,1688620,1688620.0000
normal_unrolling,Gamma,ASM,../src/tests/data/imagenes_a_testear/Labyrinth.800x600.bmp,1,1864040,1864040.0000
normal_unrolling,Gamma,ASM,../src/tests/data/imagenes_a_testear/Labyrinth.800x600.bmp,1,2434970,2434970.0000
normal_unrolling,Gamma,ASM,../src/tests/data/imagenes_a_testear/Labyrinth.800x600.bmp,1,1750295,1750295.0000
normal_unrolling,Gamma,ASM,../src/tests/data/imagenes_a_testear/Labyrinth.800x600.bmp,1,1722308,1722308.0000
normal_unrolling,Gamma,ASM,../src/tests/data/imagenes_a_testear/Labyrinth.800x600.bmp,1,1685773,1685773.0000
normal_unrolling,Gamma,ASM,../src/tests/data/imagenes_a_testear/Labyrinth.800x600.bmp,1,1660362,1660362.0000
normal_unrolling,Gamma,ASM,../src/tests/data/imagenes_a_testear/Labyrinth.800x600.bmp,1,1682026,1682026.0000
normal_unrolling,Gamma,ASM,../src/tests/data/imagenes_a_testear/Labyrinth.800x600.bmp,1,1666531,1666531.0000
normal_unrolling,Gamma,ASM,../src/tests/data/imagenes_a_testear/Labyrinth.800x600.bmp,1,1714471,1714471.0000
normal_unrolling,Gamma,ASM,../src/tests/data/imagenes_a_testear/Labyrinth.800x600.bmp,1,1946125,1946125.0000
normal_unrolling,Gamma,ASM,../src/tests/data/imagenes_a_testear/Labyrinth.800x600.bmp,1,1647770,1647770.0000
normal_unrolling,Gamma,ASM,../src/tests/data/imagenes_a_testear/Labyrinth.800x600.bmp,1,1669816,1669816.0000
normal_unrolling,Gamma,ASM,../src/tests/data/imagenes_a_testear/Labyrinth.800x600.bmp,1,1696152,1696152.0000
normal_unrolling,Gamma,ASM,../src/tests/data/imagenes_a_testear/Labyrinth.800x600.bmp,1,2275637,2275637.0000
normal_unrolling,Gamma,ASM,../src/tests/data/imagenes_a_testear/Labyrinth.800x600.bmp,1,2218775,2218775.0000
normal_unrolling,Gamma,ASM,../src/tests/data/imagenes_a_testear/Labyrinth.800x600.bmp,1,2440313,2440313.0000
normal_unrolling,Gamma,ASM,../src/tests/data/imagenes_a_testear/Labyrinth.800x600.bmp,1,1673599,1673599.0000
normal_unrolling,Gamma,ASM,../src/tests/data/imagenes_a_testear/Labyrinth.800x600.bmp,1,1682149,1682149.0000
normal_unrolling,Gamma,ASM,../src/tests/data/imagenes_a_testear/Labyrinth.800x600.bmp,1,2199489,2199489.0000
normal_unrolling,Gamma,ASM,../src/tests/data/imagenes_a_testear/Labyrinth.800x600.bmp,1,1672483,1672483.0000
normal_unrolling,Gamma,ASM,../src/tests/data/imagenes_a_testear/Labyrinth.800x600.bmp,1,1707640,1707640.0000
normal_unrolling,Gamma,ASM,../src/tests/data/imagenes_a_testear/Labyrinth.800x600.bmp,1,1668692,1668692.0000
normal_unrolling,Gamma,ASM,../src/tests/data/imagenes_a_testear/Labyrinth.800x600.bmp,1,1666827,1666827.0000
normal_unrolling,Gamma,ASM,../src/tests/data/imagenes_a_testear/Labyrinth.800x600.bmp,1,1722376,1722376.0000
normal_unrolling,Gamma,ASM,../src/tests/data/imagenes_a_testear/Labyrinth.800x600.bmp,1,1679236,1679236.0000
normal_unrolling,Gamma,ASM,../src/tests/data/imagenes_a_testear/Labyrinth.800x600.bmp,1,1685733,1685733.0000
normal_unrolling,Gamma,ASM,../src/tests/data/imagenes_a_testear/Labyrinth.800x600.bmp,1,1696905,1696905.0000
normal_unrolling,Gamma,ASM,../src/tests/data/imagenes_a_testear/Labyrinth.800x600.bmp,1,1669243,1669243.0000
normal_unrolling,Gamma,ASM,../src/tests/data/imagenes_a_testear/Labyrinth.800x600.bmp,1,1682921,1682921.0000
normal_unrolling,Gamma,ASM,../src/tests/data/imagenes_a_testear/Labyrinth.800x600.bmp,1,1679013,1679013.0000
normal_unrolling,Gamma,ASM,../src/tests/data/imagenes_a_testear/Labyrinth.800x600.bmp,1,1716692,1716692.0000
normal_unrolling,Gamma,ASM,../src/tests/data/imagenes_a_testear/Labyrinth.800x600.bmp,1,1674914,1674914.0000
normal_unrolling,Gamma,ASM,../src/tests/data/imagenes_a_testear/Labyrinth.800x600.bmp,1,2475343,2475343.0000
normal_unrolling,Gamma,ASM,../src/tests/data/imagenes_a_testear/Labyrinth.800x600.bmp,1,1821126,1821126.0000
normal_unrolling,Gamma,ASM,../src/tests/data/imagenes_a_testear/Labyrinth.800x600.bmp,1,1921822,1921822.0000
normal_unrolling,Gamma,ASM,../src/tests/data/imagenes_a_testear/Labyrinth.800x600.bmp,1,1730460,1730460.0000
normal_unrolling,Gamma,ASM,../src/tests/data/imagenes_a_testear/Labyrinth.800x600.bmp,1,2213528,2213528.0000
normal_unrolling,Gamma,ASM,../src/tests/data/imagenes_a_testear/Labyrinth.800x600.bmp,1,2451454,2451454.0000
normal_unrolling,Gamma,ASM,../src/tests/data/imagenes_a_testear/Labyrinth.800x600.bmp,1,1685612,1685612.0000
normal_unrolling,Gamma,ASM,../src/tests/data/imagenes_a_testear/Labyrinth.800x600.bmp,1,1750175,1750175.0000
normal_unrolling,Gamma,ASM,../src/tests/data/imagenes_a_testear/Labyrinth.800x600.bmp,1,1694158,1694158.0000
normal_unrolling,Gamma,ASM,../src/tests/data/imagenes_a_testear/Labyrinth.800x600.bmp,1,1693223,1693223.0000
normal_unrolling,Gamma,ASM,../src/tests/data/imagenes_a_testear/Labyrinth.800x600.bmp,1,1691643,1691643.0000
normal_unrolling,Gamma,ASM,../src/tests/data/imagenes_a_testear/Labyrinth.800x600.bmp,1,1676717,1676717.0000
normal_unrolling,Gamma,ASM,../src/tests/data/imagenes_a_testear/Labyrinth.800x600.bmp,1,2349261,2349261.0000